title,author,upvotes,comments,subreddit,date,url
A Bangladeshi couple who died in the 9/11 attacks.,Maverick_00x,557,54,bangladesh,2025-11-11 15:31:13,https://i.redd.it/nht3sj3gkl0g1.jpeg
"For everyone who’s clueless about what’s happening, here’s the context.",StuckintheTraffic,490,308,bangladesh,2025-10-22 03:04:49,https://i.redd.it/tap5w3u15jwf1.jpeg
"Sitting on the passenger seat, the daughter is trying to feed some sweetlike food to her father, while they all were going out for a family ride on her father's rickshaw. New Market, Dhaka. © Al Forhad",mhadr,370,22,bangladesh,2021-01-10 21:23:03,https://i.redd.it/zc3k673wvia61.jpg
I think I finally understand why Indians get so much hate and why many Bangladeshis dislike them,forgotten-daoist,313,139,bangladesh,2025-10-05 23:09:24,https://www.reddit.com/r/bangladesh/comments/1nytum0/i_think_i_finally_understand_why_indians_get_so/
Multiple major fires in a week—something feels off about what’s happening in Bangladesh,ultrahex007,309,71,bangladesh,2025-10-18 20:55:38,https://i.redd.it/7ikv073gwvvf1.jpeg
I GOT FIRED FROM MY JOB AT THE FIRST DAY,goinnbackto505,299,207,dhaka,2025-11-15 21:49:52,https://www.reddit.com/r/Dhaka/comments/1oxv0iq/i_got_fired_from_my_job_at_the_first_day/
The Dark Side of Bangladesh’s New Year Celebrations: Chhatra League’s Legacy of Sexual Harassment,MunzerTopu,275,54,bangladesh,2024-10-26 00:16:17,https://i.redd.it/u275e9vw1ywd1.jpeg
"Bangladesh's Ambassadoe Muhammad presented credentials to Burkina Faso's President Ibrahim Traoré, proposing direct cotton trade to boost Bangladesh’s textile industry &amp; open new markets for Burkina",VapeyMoron,268,33,bangladesh,2025-07-02 18:07:15,https://i.redd.it/7yq8jrlybgaf1.jpeg
Bashundhara?,Kurou-Mamonogatari,251,21,dhaka,2025-11-08 16:59:20,https://www.reddit.com/gallery/1ormmwb
"Drone Show Near Hatirjheel, in Celebration of Bangladesh’s Golden Jubilee of Independence and Development, depicting crucial projects and history of Bangladesh",an_ionic,248,84,bangladesh,2022-04-01 00:42:33,https://i.redd.it/48316ed4lrq81.jpg
Feeling gulity about not being able to stop eve teasing &amp; why we as a nation become this much judgemental to tease and harasse any women wearing saree??,Bubbly_Review_4932,232,77,bangladesh,2025-06-21 23:12:03,https://i.redd.it/875f5mcbcb8f1.jpeg
Bangladesh wins,HinduShibir,218,12,bangladesh,2025-11-18 22:49:47,https://i.redd.it/taw42xk2p12g1.jpeg
Struggling Dad Begging for Help: Seeking Job Opportunities,sunny_sun92,215,68,dhaka,2025-08-20 09:12:50,https://www.reddit.com/r/Dhaka/comments/1mv3m0b/struggling_dad_begging_for_help_seeking_job/
পোশাক নিয়ে কটুক্তিকারীকে জুতাপেটা করলেন তরুণী,AtikulIslam4142,207,93,bangladesh,2025-10-29 16:50:00,https://www.reddit.com/r/bangladesh/comments/1oj1995/পশক_নয়_কটকতকরক_জতপট_করলন_তরণ/
Desperate Dad in Dhaka Seeking Job and Urgent Help – Father of Two Little Girls Facing Eviction and Power Cutoff,sunny_sun92,205,71,dhaka,2025-09-14 14:11:06,https://www.reddit.com/r/Dhaka/comments/1nglksi/desperate_dad_in_dhaka_seeking_job_and_urgent/
A shame for the nation and our people also the future,Longjumping-Boot-713,198,345,dhaka,2025-09-10 07:30:49,https://www.reddit.com/r/Dhaka/comments/1nd18ip/a_shame_for_the_nation_and_our_people_also_the/
"Jatrabari Massacre, 5 August, 2024. ",Environmental-Ad-344,194,134,bangladesh,2025-01-12 15:19:53,https://v.redd.it/nfhixwr76jce1
Earthquake and Guilt Tripping,AdvantageNorth1032,187,134,dhaka,2025-11-21 12:51:20,https://www.reddit.com/r/Dhaka/comments/1p2rt0x/earthquake_and_guilt_tripping/
Surprised at how much Tejgaon has changed,Dhakaiya91,187,21,dhaka,2025-08-16 23:21:07,https://www.reddit.com/gallery/1ms1l9h
⚠️ Top-listed criminal shot dead in broad daylight,AtikulIslam4142,185,44,bangladesh,2025-11-10 14:55:29,https://v.redd.it/iolsj0w49e0g1
Found these cracks in my wall after the recent earthquake. Should I be worried?,MasaniYasin,183,68,dhaka,2025-11-22 13:31:22,https://www.reddit.com/gallery/1p3n9qh
"Dhaka University’s Fuller Road, Sculptures of the Independence Struggle were destroyed.",Equivalent_Dog_3891,182,33,bangladesh,2025-08-12 05:34:53,https://www.reddit.com/gallery/1mnswfa
Life Advice: Be a Nerd or an Extremely Hard Worker.,_War_Daddy,181,42,dhaka,2025-10-26 16:14:56,https://www.reddit.com/r/Dhaka/comments/1ogh12r/life_advice_be_a_nerd_or_an_extremely_hard_worker/
"Almost fainted in the metro today, grateful for kind strangers",SentientSideChara,178,19,dhaka,2025-07-19 19:49:22,https://www.reddit.com/r/Dhaka/comments/1m3wp3y/almost_fainted_in_the_metro_today_grateful_for/
Should I drop out of BUET?,ItchyTranslator2244,173,145,dhaka,2025-09-18 07:13:32,https://www.reddit.com/r/Dhaka/comments/1njuynw/should_i_drop_out_of_buet/
Proud ঢাবিয়ান,failure_as_a_sperm,169,39,bangladesh,2025-04-23 07:47:50,https://v.redd.it/1x20tvgmphwe1
Now that shibir has won..,Fantastic-Freedom754,160,505,dhaka,2025-09-10 11:06:30,https://www.reddit.com/r/Dhaka/comments/1nd5g4k/now_that_shibir_has_won/
"Lt. Col. Redwan, who shot students in Rampura-Banasree in July finally arrested",ultrahex007,155,13,bangladesh,2025-10-22 14:50:42,https://v.redd.it/80ns7yhzmmwf1
Hypocrisy among us in the current context of recent attacks on minorities.,DoodhBhaat,155,49,bangladesh,2024-08-11 23:56:27,https://www.reddit.com/r/bangladesh/comments/1epr10z/hypocrisy_among_us_in_the_current_context_of/
Estimated magnitude 5.2 earthquake,humble_akhBD,153,206,dhaka,2025-11-21 10:42:37,https://www.reddit.com/r/Dhaka/comments/1p2pjnp/estimated_magnitude_52_earthquake/
"[OC] TSC,Dhaka University (source: myself)",Fatema_Ruhee,153,17,bangladesh,2022-02-18 18:43:04,https://i.redd.it/vkh2dytl7li81.jpg
NCP is shit fake !,Hot_Key2000,153,101,dhaka,2025-11-21 08:02:31,https://www.reddit.com/r/Dhaka/comments/1p2m6fc/ncp_is_shit_fake/
Does this look like a Hindu goddess?,Infinite-Sector-8694,151,200,dhaka,2025-11-19 15:22:51,https://www.reddit.com/gallery/1p1303f
"Tomb of Pari Bibi, Lalbagh Kella, Puran Dhaka, Bangladesh",InterestingBD,150,6,bangladesh,2021-01-17 12:32:11,https://i.redd.it/t58x72qe7ub61.png
Bangladeshi women should stop settling for less. We are enabling these losers,QuietSuccessfull,149,336,dhaka,2025-11-18 20:37:15,https://www.reddit.com/r/Dhaka/comments/1p0dkr3/bangladeshi_women_should_stop_settling_for_less/
Two Girls Getting Attacked By An Old Man and 30 Others For Smoking (Details),ssj_iftekhar9001,142,82,bangladesh,2025-03-03 13:51:40,https://www.reddit.com/gallery/1j2dm2z
"Sculpture @ TSC, Dhaka University | Raju Memorial | I'm really proud of how really young people fought oppressive governments in the past, this sculpture captures that",yasserius,133,25,bangladesh,2021-12-30 19:43:25,https://i.redd.it/iv203krsoo881.jpg
Girls. WTF ?,eyesarepotato565,131,142,bangladesh,2025-09-10 03:01:38,https://www.reddit.com/r/bangladesh/comments/1ncv141/girls_wtf/
I'm a Bangladeshi indie game developer who quit my job to work on my own game. AMA!,Krons-sama,130,87,bangladesh,2025-09-17 12:14:47,https://www.reddit.com/r/bangladesh/comments/1nj5fhh/im_a_bangladeshi_indie_game_developer_who_quit_my/
Garments workers clash with police at Tejgaon after police fires bullets and tear gas shells at the workers' movement in demand of arrears of salaries and bonuses; 8 workers severely injured from firing,sheikhnews,129,18,bangladesh,2021-03-18 20:11:57,https://v.redd.it/wwskbjq0osn61
BCL Cadre Nokib Ashraf Chowdhury has made abusive and inflammatory remarks about NSU student who distributed iftar to Bihari people.,redwanhossain6333,128,79,bangladesh,2025-03-28 21:58:18,https://i.redd.it/pknwsuaodgre1.jpeg
CUCSU Shibir candidate Akash Das says the victim is also to be blamed in the recent BUET rape case,AntiAgent006,126,71,bangladesh,2025-10-22 18:33:02,https://i.redd.it/gztqdsknqnwf1.jpeg
Wife is very mean and rude to other,Swimming_Crew_5054,125,86,dhaka,2025-11-15 03:23:15,https://www.reddit.com/r/Dhaka/comments/1ox8zph/wife_is_very_mean_and_rude_to_other/
"A peanut seller counts his loss as his Tk3,000....",Plastic_Repeat_995,124,6,bangladesh,2025-11-09 15:56:35,https://i.redd.it/cktvhqjve70g1.png
I made some line route maps for each of the planned Dhaka Metro lines,jahinzee,119,20,bangladesh,2024-01-09 12:31:58,https://jahinzee.github.io/Unofficial-Dhaka-Metro-Rail-Line-Maps#m1---kamalapur-to-dhaka-airport-and-purbachal-terminal
Regarding the BUET incident and our stance on the matter,ImperialOverlord,119,21,bangladesh,2025-10-22 13:10:25,https://www.reddit.com/r/bangladesh/comments/1od1gdy/regarding_the_buet_incident_and_our_stance_on_the/
Imagine if Dhaka still looked like this...,maproomzibz,117,32,bangladesh,2025-10-20 01:47:40,https://i.redd.it/shw7y3ieh4wf1.png
I Just hate how most Bangladeshi people just cannot think rationally,Crowned_XD,116,37,dhaka,2025-11-19 19:18:07,https://www.reddit.com/r/Dhaka/comments/1p17g5l/i_just_hate_how_most_bangladeshi_people_just/
Basabo Buddho Mondir,CodeAndCorrelation,116,12,dhaka,2025-11-14 10:55:35,https://www.reddit.com/gallery/1ownhuo
Which restaurant would it be in Dhaka?,Saif10ali,112,36,bangladesh,2025-11-15 20:39:13,https://i.redd.it/b9pbuoyy891g1.jpeg
