title,subreddit,polarity,emotion,topics,upvotes,comments
Awful Experience,bangladesh,-1.0,anger,General/Miscellaneous,10,0
A terrible experience at regional Passport office (Keraniganj),bangladesh,-1.0,anger,General/Miscellaneous,6,15
Horrifying fire at Khilgaon Taltola,bangladesh,-0.9,neutral,General/Miscellaneous,83,7
Any tips to get 1digit rank in BUET,dhaka,-0.8,neutral,General/Miscellaneous,5,23
My 28 months baby still not talking :(,bangladesh,-0.75,neutral,Healthcare/Medical,32,17
"Mood swings , Anger issues",dhaka,-0.7,neutral,General/Miscellaneous,3,5
How bad was the Earthquake?,dhaka,-0.6999999999999998,anger,General/Miscellaneous,25,53
I need a partime job or tution badly,dhaka,-0.6999999999999998,anger,Education/Career,19,8
Confused!! HSC-26,dhaka,-0.625,neutral,General/Miscellaneous,6,11
Afraid to attend job interview,dhaka,-0.6,fear,Education/Career,3,7
The Shallow Analysis for a Tragic Accident,bangladesh,-0.5416666666666666,neutral,General/Miscellaneous,3,1
If you had to rank all the political parties how would you rank them?,dhaka,-0.5333333333333333,neutral,General/Miscellaneous,4,47
Do you consider carrying phone as a student illegal?,dhaka,-0.5,neutral,"Technology/Gadgets, Services/Professional",7,13
Govt covered up corruption of shipping ministry calling this letter fake - Zulkarnain,bangladesh,-0.5,neutral,General/Miscellaneous,20,11
What is wrong with the laptop market?,bangladesh,-0.5,neutral,"Technology/Gadgets, Shopping/Commerce",8,2
