title,author,upvotes,comments,date,subreddit,polarity,subjectivity,sentiment,emotion,topics
Is There Any Photobooths For Couples in Dhaka??,DebtLess2374,1,0,2025-11-23 11:48:49,bangladesh,0.0,0.0,neutral,neutral,"Housing/Real Estate, Relationships/Social"
Bangladesh’s winter air pollution isn’t just “ours” it’s blowing in from India.,Stunning-Walk7366,17,5,2025-11-23 10:26:44,bangladesh,0.094812925170068,0.4475340136054422,neutral,neutral,"Housing/Real Estate, Technology/Gadgets, Food/Dining, Shopping/Commerce, Travel/Transportation, Sports/Recreation, Infrastructure/Urban"
"Urgent Help: Best Path to Complete HSC in 1 Year as a Private Candidate in Dhaka (4-Year Gap, Night Job 9 PM-6 AM)",IK_Khan,1,0,2025-11-22 20:11:08,bangladesh,0.1579166666666666,0.49,positive,neutral,"Housing/Real Estate, Technology/Gadgets, Education/Career, Travel/Transportation"
Dhaka-19 : Nafsin Mehanaz Azireen - Bihari?,badfaroosh,0,9,2025-11-22 19:17:25,bangladesh,0.175,0.525,positive,neutral,"Housing/Real Estate, Technology/Gadgets"
Another earthquake hits Bangladesh. 3 times under 32 hours,Plastic_Repeat_995,31,13,2025-11-22 18:55:47,bangladesh,0.0999999999999999,0.2777777777777777,neutral,fear,"Housing/Real Estate, Food/Dining, Sports/Recreation, Infrastructure/Urban"
Need suggestions regarding the public universities in Bangladesh? Are they worth it???,mahmid_,3,3,2025-11-22 17:19:40,bangladesh,0.1181907308377896,0.5550237670825907,positive,joy,"Housing/Real Estate, Technology/Gadgets, Education/Career, Shopping/Commerce, Travel/Transportation, Relationships/Social, Sports/Recreation, Politics/Government, Infrastructure/Urban"
Another earthquake hits Dhaka,Plastic_Repeat_995,21,12,2025-11-22 13:12:57,bangladesh,-0.05,0.2,neutral,neutral,"Housing/Real Estate, Technology/Gadgets"
Cracks found at multiple Dhaka metro stations after quake despite DMTCL safety assurances,PrintRealistic6750,31,11,2025-11-22 13:02:49,bangladesh,0.0,0.0,neutral,neutral,"Housing/Real Estate, Infrastructure/Urban"
Where can I find a Nintendo 3DS near Dhaka?,Ok_Junket_5751,1,1,2025-11-22 00:13:57,bangladesh,-0.0239583333333333,0.446875,neutral,neutral,"Housing/Real Estate, Shopping/Commerce, Sports/Recreation"
"As Dhaka experiences an earthquake with a very close epicentre, here's what to do during any future earthquake or aftershock",tajul_islam,8,0,2025-11-21 15:14:26,bangladesh,0.0,0.0,neutral,neutral,Housing/Real Estate
3 pedestrians crushed to death as building railing collapses in Old Dhaka during morning quake,Necessary-Hunt6104,21,2,2025-11-21 12:19:09,bangladesh,0.0,0.0,neutral,neutral,"Housing/Real Estate, Technology/Gadgets, Food/Dining"
Earthquake in Dhaka!!,Phinixprono1234,5,3,2025-11-21 10:45:11,bangladesh,0.2857142857142857,0.5357142857142857,positive,neutral,Housing/Real Estate
July Uprising's iconic 'saluting rickshaw-puller' Sujon collects NCP nomination form from Dhaka-8,Necessary-Hunt6104,62,58,2025-11-20 20:24:11,bangladesh,0.0,0.0,neutral,neutral,Housing/Real Estate
Bangladesh wins,HinduShibir,218,12,2025-11-18 22:49:47,bangladesh,0.2833333333333334,0.2714285714285714,positive,neutral,"Housing/Real Estate, Sports/Recreation"
"Looking to Donate Books in Dhaka , Any Suggestions?",panic_structure,5,1,2025-11-18 22:24:55,bangladesh,0.125,0.05,positive,neutral,"Housing/Real Estate, Technology/Gadgets, Education/Career"
Bd domestic flights,zsk471,3,1,2025-11-18 17:06:01,bangladesh,-0.040625,0.321875,neutral,neutral,"Housing/Real Estate, Technology/Gadgets, Shopping/Commerce, Travel/Transportation"
Wake up Bangladeshis,Hot-Point-4090,2,1,2025-11-18 13:39:20,bangladesh,0.1288646098169907,0.4024588286493049,positive,joy,"Housing/Real Estate, Technology/Gadgets, Education/Career, Food/Dining, Shopping/Commerce, Travel/Transportation, Sports/Recreation, Politics/Government"
Passport Correction and Renewal in BD,Sensitive_Win_9094,5,3,2025-11-18 13:01:38,bangladesh,0.125,0.4166666666666667,positive,neutral,"Housing/Real Estate, Technology/Gadgets, Politics/Government"
"Protibastob from Dhaka Comics - An anthology of comics from various underrated artists, I love these artists so much, they're deserve so much more recognition, and I love the way Bangla comics is going, maybe one day it will become a world famous genre like manga",yasserius,6,0,2025-11-18 12:54:50,bangladesh,0.0,0.0,neutral,neutral,"Housing/Real Estate, Relationships/Social"
Your Top 5 Trusted Phone Shops in Dhaka,Electrical_Example28,8,4,2025-11-18 07:05:16,bangladesh,0.14375,0.33125,positive,trust,"Housing/Real Estate, Technology/Gadgets, Shopping/Commerce"
VoA for Dhaka Inbound from Different Country,Infinitoid,2,1,2025-11-18 02:23:06,bangladesh,0.0,0.0,neutral,neutral,Housing/Real Estate
Best place to live in Bangladesh?,Scared_of_Jobs,3,7,2025-11-17 15:30:51,bangladesh,0.1851756198347107,0.4799242424242425,positive,joy,"Housing/Real Estate, Technology/Gadgets, Education/Career, Food/Dining, Health/Medical, Travel/Transportation, Infrastructure/Urban"
Gulshan Is Not Dhaka,Atel_mamu,5,0,2025-11-16 08:27:55,bangladesh,0.0,0.0,neutral,neutral,Housing/Real Estate
Trying to collect foreign currency notes — where can I actually get my first ones in Dhaka?,Inevitable-Koala6828,5,1,2025-11-15 22:52:37,bangladesh,0.065702947845805,0.2827097505668933,neutral,trust,"Housing/Real Estate, Technology/Gadgets, Education/Career, Shopping/Commerce, Travel/Transportation"
Which restaurant would it be in Dhaka?,Saif10ali,112,36,2025-11-15 20:39:13,bangladesh,0.0,0.0,neutral,neutral,"Housing/Real Estate, Food/Dining"
Places to get the best Mishti around Dhaka?,clarkeanator,7,8,2025-11-15 12:53:03,bangladesh,0.2604166666666667,0.3666666666666667,positive,neutral,"Housing/Real Estate, Technology/Gadgets, Travel/Transportation, Infrastructure/Urban"
Buying a 2nd hand flat in banani Dhaka.,Miserable-Bed3514,2,1,2025-11-14 03:11:50,bangladesh,-0.01,0.45,neutral,neutral,"Housing/Real Estate, Shopping/Commerce, Politics/Government"
"Dhaka today.... No, more like everyday.",biscute2077,8,0,2025-11-13 21:24:47,bangladesh,0.075,0.6000000000000001,neutral,joy,"Housing/Real Estate, Relationships/Social"
Property inheritance to our child who is not a Bangladeshi citizen.,Hawk_KL01,18,15,2025-11-12 17:12:51,bangladesh,0.0071428571428571,0.3262987012987013,neutral,joy,"Housing/Real Estate, Technology/Gadgets, Travel/Transportation, Relationships/Social, Politics/Government"
A Bangladeshi couple who died in the 9/11 attacks.,Maverick_00x,557,54,2025-11-11 15:31:13,bangladesh,0.3,0.45,positive,neutral,"Housing/Real Estate, Technology/Gadgets, Education/Career, Relationships/Social"
What if Bangladesh actually had high-speed trains(250-350km/hour)?,SheehabMuhammad,16,35,2025-11-11 01:06:11,bangladesh,0.1412492269635126,0.295578231292517,positive,neutral,"Housing/Real Estate, Technology/Gadgets, Education/Career, Travel/Transportation, Infrastructure/Urban"
Buffet suggestions in Dhaka,Few-Pumpkin3842,5,0,2025-11-10 21:26:24,bangladesh,0.0,0.0,neutral,neutral,"Housing/Real Estate, Education/Career, Food/Dining, Relationships/Social"
Trusted Gaming Laptop store in Dhaka,Expert-Access7844,3,5,2025-11-10 18:43:46,bangladesh,0.4666666666666666,0.4000000000000001,positive,joy,"Housing/Real Estate, Technology/Gadgets, Shopping/Commerce"
Crude bombs exploded at four separate locations in Dhaka this morning (10 November),Plastic_Repeat_995,13,8,2025-11-10 16:06:55,bangladesh,-0.0649999999999999,0.63,neutral,neutral,"Housing/Real Estate, Technology/Gadgets, Health/Medical, Travel/Transportation, Politics/Government, Infrastructure/Urban"
‼️Crude bombs exploded at 4 locations in Dhaka,AtikulIslam4142,80,25,2025-11-10 15:37:37,bangladesh,-0.0642857142857142,0.5642857142857143,neutral,neutral,"Housing/Real Estate, Technology/Gadgets, Health/Medical, Travel/Transportation, Sports/Recreation, Politics/Government, Infrastructure/Urban"
Any querier service to send iPad outside Dhaka.,muaz_moss,7,3,2025-11-10 07:03:44,bangladesh,-0.1666666666666666,0.5833333333333334,negative,neutral,"Housing/Real Estate, Technology/Gadgets, Infrastructure/Urban"
Sending a 20 kg parcel from Dhaka to Budapest — any affordable and reliable courier options?,PrimaryInspection969,6,1,2025-11-09 23:27:17,bangladesh,0.0964285714285714,0.3142857142857143,neutral,neutral,"Housing/Real Estate, Technology/Gadgets"
Animal rescue/shelter in Dhaka?,Tall_Monster,7,2,2025-11-09 21:13:06,bangladesh,-0.09375,0.2884615384615384,neutral,neutral,Housing/Real Estate
"Will contest election from Dhaka, resignation depends on govt's decision: Asif Mahmud",PrintRealistic6750,22,12,2025-11-09 19:32:34,bangladesh,0.0,0.0,neutral,neutral,"Housing/Real Estate, Politics/Government"
"Students of Ideal, Dhaka colleges reach peace agreement; City College missing from truce effort",Necessary-Hunt6104,82,24,2025-11-09 15:53:45,bangladesh,0.0,0.0,neutral,neutral,"Housing/Real Estate, Education/Career, Infrastructure/Urban"
Need suggestions for Resort near Dhaka (for Honeymoon),Maybe_some,5,5,2025-11-09 10:55:24,bangladesh,0.1722222222222222,0.4351851851851852,positive,neutral,"Housing/Real Estate, Relationships/Social"
Pari Bibi's mausoleum at Lalbagh fort. Dhaka (1967) #viral #OldDhaka #Ol...,Sea-Test1273,3,1,2025-11-09 08:42:45,bangladesh,0.0,0.0,neutral,neutral,Housing/Real Estate
Best place for cataract surgery in Dhaka?,Available-Ad-1014,5,1,2025-11-07 21:14:11,bangladesh,0.7,0.6000000000000001,positive,joy,"Housing/Real Estate, Health/Medical"
Anyone studying criminology at university of dhaka?,faceittiger1142,3,0,2025-11-07 02:39:13,bangladesh,0.0,0.0,neutral,neutral,"Housing/Real Estate, Education/Career, Relationships/Social"
Massacre in Dhaka!,Gold1Smith,24,25,2025-11-06 17:12:20,bangladesh,0.0999999999999999,0.3833333333333333,neutral,neutral,"Housing/Real Estate, Food/Dining"
Looking for information about old/public libraries in Dhaka for a Wikimedia GLAM project,Yahya_b,3,0,2025-11-06 02:41:55,bangladesh,0.1767857142857143,0.344047619047619,positive,neutral,"Housing/Real Estate, Technology/Gadgets, Education/Career, Infrastructure/Urban"
Want a home rent in dhaka,Upset-Pay3295,2,2,2025-11-06 00:12:30,bangladesh,0.0,0.0,neutral,neutral,Housing/Real Estate
"wanna go to sylhet for tour with friends from dhaka, need suggestions and advices",Top-Pen-9698,3,3,2025-11-05 16:47:18,bangladesh,0.075,0.325,neutral,trust,"Housing/Real Estate, Technology/Gadgets, Travel/Transportation, Relationships/Social, Infrastructure/Urban"
Probe blames pilot error for Milestone crash; all Air Force training to shift outside Dhaka,PrintRealistic6750,55,25,2025-11-05 16:36:41,bangladesh,0.0,0.0,neutral,neutral,"Housing/Real Estate, Technology/Gadgets, Travel/Transportation"
Why doesn’t Bangladesh have a soft power strategy?,Lampedusan,24,29,2025-11-05 11:02:18,bangladesh,0.1979166666666666,0.3753472222222222,positive,joy,"Housing/Real Estate, Technology/Gadgets, Food/Dining, Shopping/Commerce, Relationships/Social, Sports/Recreation, Infrastructure/Urban"
Bangladesh travel for uk female and Nepali boy in January ?,Soft-Dance-8601,5,5,2025-11-05 03:55:50,bangladesh,0.23875,0.4220833333333334,positive,joy,"Housing/Real Estate, Technology/Gadgets, Education/Career, Travel/Transportation, Relationships/Social"
"ফ্যাক্টরি পুড়ে, বিমানবন্দর পুড়ে, নির্বাচন দিয়ে বাঁচান: বিটিএমএ সভাপতি | BTMA | Dhaka | Somoy TV",maifee,7,1,2025-11-04 19:40:09,bangladesh,0.0,0.0,neutral,neutral,Housing/Real Estate
"BAF Shaheen College, Dhaka",Plastic_Repeat_995,18,2,2025-11-04 15:22:45,bangladesh,0.0,0.0,neutral,neutral,"Housing/Real Estate, Education/Career"
BNP candidates for JS polls: Who’s in the race for which seat in Dhaka?,PrintRealistic6750,5,2,2025-11-03 23:44:16,bangladesh,0.0,0.0,neutral,neutral,"Housing/Real Estate, Food/Dining, Politics/Government"
"Anybody got the ""Dhaka Racing 2003"" game?",VapeyMoron,7,3,2025-11-03 23:28:32,bangladesh,0.1049999999999999,0.7066666666666667,positive,neutral,"Housing/Real Estate, Technology/Gadgets, Sports/Recreation"
BNP's Shafiqul Islam likely to face Jamaat chief Shafiqur in Dhaka-15,PrintRealistic6750,21,7,2025-11-03 19:56:45,bangladesh,0.0,0.0,neutral,neutral,"Housing/Real Estate, Politics/Government"
Where can I find 99% Isopropyl alcohol in Dhaka?,Expert_Point_7816,6,4,2025-10-31 01:53:43,bangladesh,0.0,0.0,neutral,neutral,"Housing/Real Estate, Technology/Gadgets"
Dhaka University's admission notice mentions Hijras as disabled,AntiAgent006,23,16,2025-10-30 21:55:31,bangladesh,0.0,0.0,neutral,neutral,"Housing/Real Estate, Education/Career"
Best thrifting place in Dhaka??,DebtLess2374,5,1,2025-10-30 16:45:34,bangladesh,0.9,0.525,positive,joy,"Housing/Real Estate, Food/Dining"
"Anyone you did kidney surgery at Bangladesh Specialized Hospital, 21 Mirpur Rd. https://bdspecializedhospital.com/  ? is this good hospital for kidney tumor removal?",Suspicious-Ad-2444,3,1,2025-10-30 01:00:26,bangladesh,0.7,0.6000000000000001,positive,joy,Health/Medical
visited Bangladesh,loserinlifee,18,3,2025-10-29 20:54:50,bangladesh,0.3916666666666666,0.8,positive,neutral,"Housing/Real Estate, Food/Dining, Travel/Transportation"
Challenges in Policing (part 1): Inside the broken funding of BD police,AtikulIslam4142,10,2,2025-10-28 20:06:52,bangladesh,0.0935119047619047,0.3813392857142857,neutral,neutral,"Housing/Real Estate, Technology/Gadgets, Food/Dining, Travel/Transportation, Politics/Government, Infrastructure/Urban"
Abduction or staged drama?,AtikulIslam4142,29,31,2025-10-28 01:05:53,bangladesh,0.0153571428571428,0.325297619047619,neutral,joy,"Housing/Real Estate, Technology/Gadgets, Food/Dining, Health/Medical, Shopping/Commerce, Travel/Transportation, Relationships/Social, Sports/Recreation, Politics/Government"
"Why is the Comilla, Noakhali and Chandpur regions so densely populated, outside of Dhaka region? I thought the whole Barisal and Khulna divisions were more dense",maproomzibz,20,9,2025-10-27 10:32:55,bangladesh,0.0,0.0,neutral,neutral,Housing/Real Estate
Halloween events in dhaka,No_idea_duh,2,0,2025-10-27 04:55:49,bangladesh,0.0,0.0,neutral,neutral,Housing/Real Estate
"Does anyone know where can I apply for learning boxing/ Muay thai near Mirpur,Dhaka?",Baked_Pan798,2,1,2025-10-27 02:26:57,bangladesh,0.225,0.6,positive,neutral,"Housing/Real Estate, Technology/Gadgets"
Need recommendation of some trustworthy construction/ development companies in Dhaka?,jobie1267,3,1,2025-10-26 18:05:15,bangladesh,0.3682954545454546,0.4725,positive,joy,"Housing/Real Estate, Technology/Gadgets, Food/Dining, Infrastructure/Urban"
Dhaka Metro costs 5 times India's: Jica review sought to cut millions,Necessary-Hunt6104,69,23,2025-10-26 11:35:12,bangladesh,0.0,0.0,neutral,neutral,"Housing/Real Estate, Infrastructure/Urban"
Indian Transit Visa for Bangladeshi,lonelykidfrom2006,6,1,2025-10-25 13:50:48,bangladesh,0.0175595238095238,0.2279761904761904,neutral,neutral,"Housing/Real Estate, Technology/Gadgets, Shopping/Commerce, Travel/Transportation"
"As a Hindu Bangladeshi, it's so hard to have conversations with people about Bangladesh",LeadingSea6037,107,28,2025-10-25 11:54:42,bangladesh,-0.0578326555599282,0.5194324194324195,neutral,anger,"Housing/Real Estate, Technology/Gadgets, Food/Dining, Travel/Transportation, Relationships/Social, Politics/Government, Infrastructure/Urban"
What are your honest thoughts on marriage in Bangladesh today?,BirdApprehensive9273,16,22,2025-10-25 05:15:55,bangladesh,0.1966666666666666,0.5783333333333334,positive,neutral,"Housing/Real Estate, Education/Career, Relationships/Social"
Anyone here who can help me visit a church in Dhaka?,Worldly_Yellow_6115,3,10,2025-10-25 00:27:48,bangladesh,0.4166666666666667,0.8296296296296296,positive,joy,"Housing/Real Estate, Travel/Transportation, Relationships/Social"
Need Suggestions for Men’s Salons in Dhaka,NoPerception9519,4,1,2025-10-24 16:07:01,bangladesh,0.85,0.45,positive,joy,"Housing/Real Estate, Technology/Gadgets"
Why is Bangladesh so shitty?,Vigilante-225,50,49,2025-10-23 09:24:56,bangladesh,0.061111111111111,0.4888888888888889,neutral,joy,"Housing/Real Estate, Technology/Gadgets"
Buying an apartment in dhaka,Superzues09,6,10,2025-10-22 13:02:05,bangladesh,0.2139204545454545,0.45,positive,neutral,"Housing/Real Estate, Food/Dining, Shopping/Commerce, Relationships/Social, Infrastructure/Urban"
Looking Suggestion for extra large size men clothes in Dhaka.,ais_21,6,12,2025-10-22 09:05:36,bangladesh,0.2119480519480519,0.5070061517429939,positive,joy,"Housing/Real Estate, Technology/Gadgets, Shopping/Commerce"
Why the r/Dhaka is almost twice as big as r/Bangladesh?,Plastic_Repeat_995,11,38,2025-10-22 08:30:32,bangladesh,-0.1,1.0,neutral,neutral,Housing/Real Estate
"Rajuk College, Dhaka admission exam 2025",Silly-Bed2231,5,3,2025-10-20 22:55:50,bangladesh,0.0166666666666666,0.3138888888888889,neutral,neutral,"Housing/Real Estate, Technology/Gadgets, Education/Career, Food/Dining, Travel/Transportation"
"🪔 Kali Puja Vibes — Looking for a Travel Partner (Dhaka, Oct 20)",dhumketu69,0,8,2025-10-20 05:51:26,bangladesh,0.2818939393939394,0.4928787878787878,positive,joy,"Housing/Real Estate, Food/Dining, Travel/Transportation, Infrastructure/Urban"
Imagine if Dhaka still looked like this...,maproomzibz,117,32,2025-10-20 01:47:40,bangladesh,0.0,0.0,neutral,neutral,Housing/Real Estate
Jagannath University student found dead in Old Dhaka building,Necessary-Hunt6104,23,2,2025-10-19 20:27:04,bangladesh,0.0,0.0,neutral,neutral,"Housing/Real Estate, Education/Career"
Dhaka grants full tax break on Rooppur debt repayment to Russia’s Rosatom subsidiary,Necessary-Hunt6104,4,2,2025-10-19 15:51:10,bangladesh,0.0,0.0,neutral,neutral,Housing/Real Estate
Looking for open minded affordable psychiatrists who specialize in adhd and autism in Dhaka.,Andromeda-K-,6,3,2025-10-18 23:15:29,bangladesh,0.135,0.51,positive,neutral,"Housing/Real Estate, Relationships/Social"
"Dhaka airport fire: Businesses fear over $1 billion impact on imports, exports",Necessary-Hunt6104,33,3,2025-10-18 22:51:45,bangladesh,0.0,0.0,neutral,neutral,"Housing/Real Estate, Technology/Gadgets, Travel/Transportation"
Multiple major fires in a week—something feels off about what’s happening in Bangladesh,ultrahex007,309,71,2025-10-18 20:55:38,bangladesh,0.042063492063492,0.342063492063492,neutral,neutral,"Technology/Gadgets, Travel/Transportation"
"Anyone worked at Truck Lagbe (Dhaka Head Office, Mohakhali)? Need honest feedback before my interview",Equal_Perspective230,3,2,2025-10-18 20:43:55,bangladesh,0.159375,0.2875,positive,neutral,"Housing/Real Estate, Technology/Gadgets, Education/Career, Relationships/Social, Sports/Recreation"
More flights diverted to Ctg as Dhaka airport shuts down after cargo zone fire,maifee,5,1,2025-10-18 17:47:22,bangladesh,0.0,0.0,neutral,neutral,"Housing/Real Estate, Technology/Gadgets, Travel/Transportation"
Fire at Dhaka airport's cargo section; Connecting the dots; Why does this whole thing feel so orchestrated?,Status_Revolution_25,7,3,2025-10-18 17:24:53,bangladesh,0.0159090909090909,0.4522727272727272,neutral,joy,"Housing/Real Estate, Technology/Gadgets, Food/Dining, Shopping/Commerce, Travel/Transportation, Sports/Recreation"
Is the internet in Dhaka fast and stable for video calls?,78523985210,4,5,2025-10-18 13:46:52,bangladesh,-0.375,0.4,negative,neutral,"Housing/Real Estate, Technology/Gadgets, Travel/Transportation"
Made a simple news aggregator for staying updated about Bangladesh 🇧🇩,namkhalinai,9,6,2025-10-18 07:15:30,bangladesh,0.2424873737373737,0.4549512987012987,positive,joy,"Housing/Real Estate, Technology/Gadgets, Education/Career, Travel/Transportation, Relationships/Social, Sports/Recreation, Infrastructure/Urban"
HSC 2025 Dhaka Board Ranking,Consistent-Rule-3720,2,0,2025-10-17 17:33:00,bangladesh,-0.1125,0.6017857142857143,negative,neutral,"Housing/Real Estate, Technology/Gadgets, Education/Career"
"Between typical private universities in dhaka and public universities in chittagong, which are the best?",tdoteditz_exe,3,3,2025-10-17 17:08:35,bangladesh,0.2599999999999999,0.5083333333333334,positive,joy,"Housing/Real Estate, Technology/Gadgets, Sports/Recreation, Infrastructure/Urban"
Trusted Smartphone Shop in Dhaka?,Left_Application293,3,2,2025-10-16 21:08:49,bangladesh,0.075,0.15,neutral,trust,"Housing/Real Estate, Technology/Gadgets, Shopping/Commerce"
From Nimtoli 2010 to Mirpur 2025 – how many more fires will it take for Dhaka to wake up?,Redwanul-Haque2467,10,1,2025-10-16 09:32:48,bangladesh,-0.0166666666666666,0.2797619047619047,neutral,neutral,"Housing/Real Estate, Technology/Gadgets, Infrastructure/Urban"
who is up for hangouts in dhaka,No_idea_duh,5,24,2025-10-15 16:11:12,bangladesh,0.0889610389610389,0.4941558441558441,neutral,neutral,"Housing/Real Estate, Travel/Transportation, Relationships/Social"
Please suggest a good private hospital in Dhaka for treating Heart related illness,da-chooozen-one,4,2,2025-10-14 14:31:56,bangladesh,0.4,0.415,positive,neutral,"Housing/Real Estate, Food/Dining, Health/Medical"
App that offers cheap meals in BD,Whole-Tie4978,9,8,2025-10-12 19:47:20,bangladesh,0.245,0.4225,positive,joy,"Technology/Gadgets, Education/Career, Food/Dining, Shopping/Commerce, Sports/Recreation"
Wtf is happening in Bangladesh?,General-Dog4722,62,55,2025-10-11 19:45:52,bangladesh,0.2155411255411255,0.6752380952380952,positive,joy,"Housing/Real Estate, Technology/Gadgets, Education/Career, Food/Dining, Politics/Government"
"Need a Part-Time Personal Assistant (Dhaka-Based, Remote)",ovosmans89,10,17,2025-10-11 11:54:05,bangladesh,0.2225,0.4175,positive,joy,"Housing/Real Estate, Technology/Gadgets, Education/Career, Food/Dining, Travel/Transportation, Infrastructure/Urban"
Places to go for a nightout drive in dhaka,Showmik27,8,5,2025-10-10 05:15:19,bangladesh,0.3666666666666667,0.625,positive,joy,"Housing/Real Estate, Food/Dining, Relationships/Social"
Shia in puran dhaka,Better_tqas,1,0,2025-10-10 04:56:21,bangladesh,-0.1083333333333333,0.3583333333333333,negative,neutral,Housing/Real Estate
"Help Me Pick a 43"" TV Under 50K Taka (Dhaka Buyers — Need Your Real Advice!)",drkaly,3,6,2025-10-09 22:57:19,bangladesh,0.2034245516388373,0.4696351267779839,positive,joy,"Housing/Real Estate, Technology/Gadgets, Shopping/Commerce, Relationships/Social, Sports/Recreation"
Bangladeshi cuisine,No-Plate-113,11,10,2025-10-09 14:52:16,bangladesh,0.1979993386243386,0.5154927248677248,positive,joy,"Housing/Real Estate, Technology/Gadgets, Education/Career, Food/Dining, Health/Medical, Shopping/Commerce, Travel/Transportation, Relationships/Social, Infrastructure/Urban"
Safe areas to rent for a few days in Dhaka,HappyBlackbirdLOL,2,1,2025-10-07 21:26:58,bangladesh,0.15,0.275,positive,trust,"Housing/Real Estate, Technology/Gadgets, Infrastructure/Urban"
Horrible experience at Dhaka to Dubai flight with emirates,Former-Type1623,63,35,2025-10-07 17:09:50,bangladesh,-0.1402777777777777,0.5690972222222221,negative,anger,"Housing/Real Estate, Technology/Gadgets, Travel/Transportation"
How does the stock market work in Bangladesh? (Beginner here),EngineWinter9286,4,0,2025-10-07 02:28:20,bangladesh,0.292929292929293,0.3542087542087542,positive,neutral,"Housing/Real Estate, Technology/Gadgets, Education/Career, Shopping/Commerce"
"I'm looking for the absolute best ISP for online gaming in Shewrapara, Mirpur Dhaka. Don't suggest Dot , absolute Garbage.",GunsAndRozer,2,0,2025-10-06 13:29:39,bangladesh,0.14375,0.3999999999999999,positive,neutral,"Housing/Real Estate, Technology/Gadgets, Sports/Recreation"
I (26M) was invited to Bangladesh by someone I met while traveling,Fantastic_Dust_5926,44,21,2025-10-06 07:18:15,bangladesh,0.2234307359307359,0.3687770562770563,positive,joy,"Housing/Real Estate, Technology/Gadgets, Travel/Transportation, Relationships/Social, Sports/Recreation"
I think I finally understand why Indians get so much hate and why many Bangladeshis dislike them,forgotten-daoist,313,139,2025-10-05 23:09:24,bangladesh,-0.0272435897435897,0.452518315018315,neutral,anger,"Housing/Real Estate, Technology/Gadgets, Relationships/Social"
Looking for a Bengali &amp; Turkish-speaking local guide in Dhaka 🇧🇩🇹🇷,Erenymk1017,4,2,2025-10-05 21:56:34,bangladesh,0.1333333333333333,0.1666666666666666,positive,neutral,"Housing/Real Estate, Shopping/Commerce, Travel/Transportation, Infrastructure/Urban"
Looking for info about British Council Bangladesh IELTS courses and teacher training,imtiaz_12,2,3,2025-10-05 19:41:32,bangladesh,0.0745098039215686,0.3544117647058823,neutral,neutral,"Housing/Real Estate, Technology/Gadgets, Education/Career, Shopping/Commerce, Travel/Transportation"
Spineless justice system of bangladesh,Due_Butterfly_2114,9,2,2025-10-04 00:54:17,bangladesh,0.0222222222222222,0.2055555555555555,neutral,neutral,"Housing/Real Estate, Technology/Gadgets, Travel/Transportation, Politics/Government, Infrastructure/Urban"
Safe places for Bangladeshi girl expats to live in Dhaka for a month?,motiontosleep,6,14,2025-10-03 18:08:57,bangladesh,0.15,0.3,positive,trust,"Housing/Real Estate, Travel/Transportation"
Any Duolingo users here in Dhaka?,Far-Following3742,7,11,2025-10-02 01:17:53,bangladesh,0.125,0.325,positive,joy,"Housing/Real Estate, Relationships/Social"
Can you suggest me the best ISP (Internet Service Provider) in Dhaka,Mindless_Rest_9284,2,2,2025-10-01 16:10:59,bangladesh,0.0,0.0,neutral,neutral,"Housing/Real Estate, Technology/Gadgets"
What are some of the best places for Street Photography in Dhaka? (Excluding Sadarghat),new-grizzly,3,2,2025-09-29 18:43:07,bangladesh,0.225,0.5428571428571429,positive,trust,"Housing/Real Estate, Technology/Gadgets, Food/Dining, Relationships/Social"
Good knee specialist in Dhaka?,DeltaOmega88,4,5,2025-09-27 11:05:38,bangladesh,0.7,0.6000000000000001,positive,joy,"Housing/Real Estate, Technology/Gadgets, Health/Medical, Travel/Transportation, Politics/Government"
How to learn computer repair in Bangladesh? Do I need to be a CSE student?,FarAmbassador6015,3,0,2025-11-23 11:13:19,dhaka,0.25,0.3333333333333333,positive,neutral,"Technology/Gadgets, Education/Career, Travel/Transportation"
Since winter is almost here dark brown people of bd drop your hardest fits,iSellFemboys69420,3,10,2025-11-23 02:58:03,dhaka,-0.1055555555555555,0.3,negative,neutral,"Technology/Gadgets, Sports/Recreation"
Posture problem - Any good treatment in Dhaka?,LessTell,1,0,2025-11-22 23:04:25,dhaka,-0.4799999999999999,0.5761904761904761,negative,anger,"Housing/Real Estate, Technology/Gadgets, Food/Dining, Health/Medical"
"Urgent Help: Best Path to Complete HSC in 1 Year as a Private Candidate in Dhaka (4-Year Gap, Night Job 9 PM-6 AM)",IK_Khan,2,0,2025-11-22 20:05:38,dhaka,0.1579166666666666,0.49,positive,neutral,"Housing/Real Estate, Technology/Gadgets, Education/Career, Travel/Transportation"
where can i find niqab with burkha/abaya the cheapest in dhaka?,Particular_Weird_616,2,8,2025-11-22 15:21:33,dhaka,0.2875,0.6416666666666667,positive,neutral,"Housing/Real Estate, Technology/Gadgets, Shopping/Commerce, Infrastructure/Urban"
Dhaka lifestyle অনুযায়ী স্টুডেন্টদের কোন স্কিল শিখলে side-income সবচেয়ে সহজে শুরু হয়?,Aaliynah550,10,13,2025-11-22 14:23:24,dhaka,0.0,0.0,neutral,neutral,Housing/Real Estate
who are some cool leading actresses in Bangladesh right now?,CampaignNo3050,0,1,2025-11-22 08:51:20,dhaka,0.0,0.3,neutral,neutral,General
Has an earthquake ever struck so close to Dhaka before?,game_preacher,6,2,2025-11-21 23:20:39,dhaka,0.0,0.0,neutral,neutral,"Housing/Real Estate, Technology/Gadgets, Education/Career, Food/Dining, Travel/Transportation"
Moving to Dhaka,Spirited-Gas2859,3,2,2025-11-21 22:00:54,dhaka,0.0614285714285714,0.4219897959183674,neutral,neutral,"Housing/Real Estate, Technology/Gadgets, Education/Career, Food/Dining, Health/Medical, Relationships/Social, Infrastructure/Urban"
Are smartphones from Bangladeshi brands worth buying?,ScarredFace45,6,6,2025-11-21 14:45:07,dhaka,0.3,0.1,positive,neutral,"Technology/Gadgets, Shopping/Commerce"
Crazy earthquake in Dhaka,Unhappyflowerr,72,49,2025-11-21 10:46:19,dhaka,0.1681818181818181,0.35,positive,fear,Housing/Real Estate
Best orthodontist in Dhaka ( for braces),chocolate_icecreamm,3,4,2025-11-21 10:05:49,dhaka,0.4833333333333333,0.4666666666666667,positive,joy,"Housing/Real Estate, Technology/Gadgets"
Bangladeshis living in Stockholm?,That_Mood_656,4,5,2025-11-21 04:26:45,dhaka,0.0,0.0,neutral,neutral,General
Any bengali people living in rome rn,Beginning-Bar-1138,3,3,2025-11-21 03:02:59,dhaka,0.2857142857142857,0.5357142857142857,positive,neutral,General
BD bank AD or private bank MTO?,NoAd9144,4,3,2025-11-20 22:58:00,dhaka,0.05,0.5214285714285715,neutral,neutral,"Housing/Real Estate, Technology/Gadgets, Education/Career"
Bangladeshi students in Australia,Prudent_Resort_1038,5,24,2025-11-20 20:48:05,dhaka,0.1805555555555555,0.4944444444444444,positive,joy,"Housing/Real Estate, Technology/Gadgets, Education/Career, Food/Dining"
Bangladeshi students in Canada.is it actually worth it? Need honest advice.,pikaa_pika,5,30,2025-11-20 20:11:04,dhaka,0.1759469696969696,0.2729166666666666,positive,joy,"Housing/Real Estate, Education/Career, Food/Dining"
Where in Dhaka can i get these type of jackect/shacket? Exacyly emon design i lagbe solid color er moddhe kono likha likhi / company er logo cholbe na,Sparrow_tora_999,1,5,2025-11-20 19:47:14,dhaka,0.0,0.0,neutral,neutral,Housing/Real Estate
How do you grow from solo freelancer to an actual business in Bangladesh?,Rare_Environment5752,10,37,2025-11-20 18:36:44,dhaka,0.1041666666666666,0.45,positive,joy,"Housing/Real Estate, Technology/Gadgets, Education/Career, Travel/Transportation"
I (Male 18) am looking for bengali friends so I can keep learning the language,AverageUselessdude,9,8,2025-11-20 12:57:11,dhaka,0.274538961038961,0.498534632034632,positive,joy,"Technology/Gadgets, Education/Career, Food/Dining, Health/Medical, Relationships/Social, Sports/Recreation"
Is there any way to study cse in Bangladesh without passing h.math,Nate_Higger-san,3,21,2025-11-20 11:13:59,dhaka,-0.0571428571428571,0.5666666666666667,neutral,anger,"Technology/Gadgets, Education/Career"
Cool date/hangout spots in Dhaka,ei_white,3,3,2025-11-20 02:46:45,dhaka,0.2696428571428571,0.469047619047619,positive,joy,"Housing/Real Estate, Food/Dining, Travel/Transportation"
Goth fashion for men in Bangladesh?,notjustrafa,8,3,2025-11-20 01:27:55,dhaka,0.0666666666666666,0.4732248520710058,neutral,joy,"Housing/Real Estate, Technology/Gadgets, Education/Career, Food/Dining, Relationships/Social"
Is there any place in Bangladesh where we can do hiking?,kindred_eldtrich,2,5,2025-11-19 23:25:14,dhaka,0.0,0.75,neutral,neutral,"Travel/Transportation, Relationships/Social"
Dhaka English Medium Schools: Playgroup Admission Info,Complete_Risk_6877,3,0,2025-11-19 23:12:59,dhaka,0.0295833333333333,0.3258333333333333,neutral,neutral,"Housing/Real Estate, Technology/Gadgets, Education/Career, Travel/Transportation, Sports/Recreation, Infrastructure/Urban"
Explain this Bangladeshi Economy and Market related question to a less educated person.,Forgotten_Seriously,5,7,2025-11-19 22:22:43,dhaka,0.0157407407407407,0.2731481481481482,neutral,joy,"Technology/Gadgets, Shopping/Commerce"
Bangladesh vs Hong Kong: A heartbreak,Both-River-9455,23,15,2025-10-09 22:46:21,bangladesh,-0.0179369452096724,0.5698653198653201,neutral,neutral,"Housing/Real Estate, Technology/Gadgets, Food/Dining, Sports/Recreation"
"How is the situation in Dhaka right now for moderate, agnostic/atheist women? Coming from a Bangladeshi immigrant woman who left in 2012 and hasn’t been back for an extended period of time since",nymeria_the_direwolf,25,17,2025-09-21 08:01:11,bangladesh,0.0375,0.53,neutral,anger,"Housing/Real Estate, Technology/Gadgets, Relationships/Social, Infrastructure/Urban"
Best place to get highest quality BD cricket jerseys?,DeltaOmega88,4,4,2025-09-11 21:20:28,bangladesh,0.1799783549783549,0.4119047619047619,positive,joy,"Housing/Real Estate, Technology/Gadgets, Sports/Recreation"
Are there any restaurants in Puran Dhaka that serve good bengali pork dishes?,DoodhBhaat,2,9,2025-09-01 20:54:59,bangladesh,0.0,0.0,neutral,neutral,"Housing/Real Estate, Food/Dining"
Upgrading my iPhone 12 Pro – advice on shops &amp; price in Dhaka,Intelligent-Delay-95,2,0,2025-08-31 11:37:33,bangladesh,0.175,0.4083333333333334,positive,neutral,"Housing/Real Estate, Technology/Gadgets, Health/Medical, Shopping/Commerce, Infrastructure/Urban"
SELLING LAND IN PURAN DHAKA!!!!!!!,megatonowo,1,2,2025-08-24 12:14:24,bangladesh,0.0,0.0,neutral,neutral,"Housing/Real Estate, Shopping/Commerce"
need help about what phone to buy and if i should buy from bangladesh,little_aesthetic52,2,0,2025-06-22 22:37:10,bangladesh,0.009527972027972,0.4561188811188811,neutral,neutral,"Technology/Gadgets, Shopping/Commerce, Infrastructure/Urban"
Moving to Bangladesh for A Levels—Need Info on International Hope School &amp; Daffodil International School,IcyCauliflower2985,3,6,2025-04-24 19:38:37,bangladesh,0.1775,0.2875,positive,joy,"Housing/Real Estate, Technology/Gadgets, Education/Career, Infrastructure/Urban"
Concerns over growing corruption among Bangladeshi student leaders,JordanChappel,35,37,2025-04-24 15:26:34,bangladesh,-0.0839351305260396,0.5824396563032926,neutral,sadness,"Housing/Real Estate, Technology/Gadgets, Education/Career, Travel/Transportation, Sports/Recreation, Politics/Government, Infrastructure/Urban"
where to learn swimming from around old dhaka?,Remarkable_Nose_3728,6,1,2025-04-08 00:40:03,bangladesh,0.1214285714285714,0.2755952380952381,positive,neutral,Housing/Real Estate
Should i go back to Bangladesh this summer as a Hindu woman studying abroad?,cillona363,34,78,2025-04-03 05:59:47,bangladesh,0.051103896103896,0.3201190476190477,neutral,anger,"Housing/Real Estate, Education/Career, Travel/Transportation, Relationships/Social, Politics/Government, Infrastructure/Urban"
NCP wants to change CAS - Faham Abdus Salam's Post,VapeyMoron,17,12,2025-03-23 15:35:16,bangladesh,0.0302764976958525,0.5212147977470557,neutral,trust,"Housing/Real Estate, Technology/Gadgets, Education/Career, Shopping/Commerce, Travel/Transportation, Relationships/Social, Sports/Recreation, Politics/Government"
Any shakrain interesting story?? puran dhaka,Extra-Conclusion-140,4,1,2025-03-15 03:14:57,bangladesh,0.5,0.5,positive,neutral,"Housing/Real Estate, Technology/Gadgets"
where to buy cheap xbox 360s in bangladesh,Agreeable-Cycle6438,4,2,2024-11-26 22:48:43,bangladesh,0.1,0.3999999999999999,neutral,neutral,"Housing/Real Estate, Shopping/Commerce"
"Who is the true proclaimer of Bangladesh’s independence, and is there any need to argue about it?",TasinMAHDI,11,11,2024-11-03 18:29:48,bangladesh,0.0600985221674876,0.3333743842364532,neutral,joy,"Housing/Real Estate, Technology/Gadgets, Education/Career, Food/Dining, Shopping/Commerce, Travel/Transportation, Relationships/Social, Sports/Recreation, Politics/Government, Infrastructure/Urban"
Sniping and Mysterious Deaths in Bangladesh,Euphoric_Ratio_8900,46,17,2024-10-08 04:37:15,bangladesh,0.0230331262939958,0.3824653607262303,neutral,anger,"Technology/Gadgets, Food/Dining"
where can i repair my ps4 in Puran Dhaka?,MonkeyDJas,2,3,2024-09-24 12:51:09,bangladesh,0.0787878787878787,0.8333333333333334,neutral,neutral,"Housing/Real Estate, Technology/Gadgets"
How can i find a budget friendly restriction less flat in Puran Dhaka,Evening_Day_4722,2,2,2024-09-21 17:56:57,bangladesh,-0.0678571428571428,0.1369047619047619,neutral,neutral,"Housing/Real Estate, Technology/Gadgets, Education/Career, Shopping/Commerce, Relationships/Social"
Looking for Couple-Friendly Restaurants with Private Cabins in Dhaka (Farmgate/Khilgaon Area),No_Location_8232,2,2,2024-09-10 17:36:41,bangladesh,0.3374999999999999,0.3583333333333334,positive,joy,"Housing/Real Estate, Technology/Gadgets, Food/Dining, Travel/Transportation, Relationships/Social"
A Letter to Young Bangladeshis,giantskyman,100,208,2024-07-26 15:20:36,bangladesh,0.0654013273326578,0.418803880906885,neutral,anger,"Housing/Real Estate, Technology/Gadgets, Education/Career, Food/Dining, Health/Medical, Shopping/Commerce, Travel/Transportation, Sports/Recreation, Politics/Government, Infrastructure/Urban"
"Best ISP for puran dhaka, gendaria and bikrampur",yourbasicchad,2,3,2024-07-26 07:14:35,bangladesh,0.85,0.45,positive,joy,"Housing/Real Estate, Technology/Gadgets, Education/Career"
best place to chill near Puran dhaka? ,Snuffy2022,2,1,2024-05-15 00:32:23,bangladesh,-0.5571428571428572,0.7785714285714285,negative,anger,Housing/Real Estate
Budget gyms in Dhaka,zebrafiche,3,1,2024-04-04 18:50:36,bangladesh,0.148051948051948,0.6857142857142857,positive,neutral,Housing/Real Estate
What's with the low playing and park space in some areas of Dhaka?,Polo_G_Goat1999,12,2,2024-04-03 16:11:08,bangladesh,0.0484848484848484,0.5507936507936508,neutral,joy,"Housing/Real Estate, Technology/Gadgets, Education/Career, Health/Medical, Shopping/Commerce, Sports/Recreation, Infrastructure/Urban"
I made some line route maps for each of the planned Dhaka Metro lines,jahinzee,119,20,2024-01-09 12:31:58,bangladesh,0.0,0.0,neutral,neutral,"Housing/Real Estate, Infrastructure/Urban"
"What are some good places to buy denim jackets in Dhaka (preferably around Gulshan, Banani or Baridhara DOHS)?",pnerd314,5,2,2023-12-31 22:17:32,bangladesh,0.35,0.3625,positive,joy,"Housing/Real Estate, Shopping/Commerce, Infrastructure/Urban"
In which floral shop can you get lilac and lavenders in dhaka?,True_Celebration_169,4,2,2023-11-29 17:16:14,bangladesh,0.0,0.0,neutral,neutral,"Housing/Real Estate, Shopping/Commerce"
Body Painting in Dhaka street,koimia,22,5,2023-11-23 16:12:23,bangladesh,0.0,0.0,neutral,neutral,"Housing/Real Estate, Technology/Gadgets"
From where can I buy weight vest in Dhaka?,sGrnegan,1,1,2023-09-07 15:11:47,bangladesh,-0.0999999999999999,0.2226190476190476,neutral,neutral,"Housing/Real Estate, Shopping/Commerce, Infrastructure/Urban"
Grameenphone or Robi? Which sim operator provides good internet service in Dhaka?,sGrnegan,5,14,2023-09-06 11:33:05,bangladesh,0.1875,0.4375,positive,neutral,"Housing/Real Estate, Technology/Gadgets"
Where do i find a good orthodontist in bd?,ConsistentAct2561,3,3,2023-08-21 10:55:09,bangladesh,0.1055194805194805,0.7589285714285714,positive,neutral,Housing/Real Estate
[Football] Bangladesh Premier League champns: Bashundhara Kings,Square-Produce-3538,0,0,2023-05-27 20:40:37,bangladesh,0.0,0.0,neutral,neutral,Sports/Recreation
এ কেমন 'দায়িত্বশীলতা'! | Jatrabari Incident | Dhaka News | Somoy News Analysis,Mister-Khalifa,7,8,2023-04-29 21:41:04,bangladesh,0.0,0.0,neutral,neutral,Housing/Real Estate
I want to visit puran dhaka. Can someone suggest where to park my car?,zak_star,3,3,2023-04-03 01:11:46,bangladesh,0.0,0.0,neutral,neutral,"Housing/Real Estate, Travel/Transportation"
Recently visited Bangladesh. Some photos. Loved it.,anirbansaha782,89,12,2023-02-01 22:13:21,bangladesh,0.55,0.9,positive,neutral,"Housing/Real Estate, Technology/Gadgets, Shopping/Commerce, Travel/Transportation, Relationships/Social, Politics/Government"
Gas problem in puran dhaka,ThinkingPugnator,9,35,2023-01-17 20:58:17,bangladesh,-0.05,0.2375,neutral,neutral,"Housing/Real Estate, Technology/Gadgets"
Great Goal from Brazilian Dorielton for Bashundhara Kings in the Bangladesh Premier League,badbd09,66,7,2023-01-14 03:49:14,bangladesh,0.0,0.0,neutral,neutral,"Food/Dining, Sports/Recreation"
Where to buy authentic Anker products in Dhaka?,chonkerpotat,1,2,2022-08-03 02:12:36,bangladesh,0.2,0.525,positive,neutral,"Housing/Real Estate, Shopping/Commerce"
Best place to get Braces(Teeth straightening) in Dhaka?,AlexGaming666,7,0,2022-07-30 20:03:20,bangladesh,0.1,0.4,neutral,neutral,"Housing/Real Estate, Technology/Gadgets"
"Bangladesh's lone aviation univ prioritizes research, development",MQ-9Drone,4,0,2022-07-28 23:45:30,bangladesh,0.1241955667789001,0.4157212602212601,positive,joy,"Housing/Real Estate, Technology/Gadgets, Education/Career, Shopping/Commerce, Travel/Transportation, Sports/Recreation, Politics/Government, Infrastructure/Urban"
"Bangladesh's lone aviation univ prioritises research, development",MQ-9Drone,3,2,2022-04-28 05:45:21,bangladesh,0.1263499417249417,0.4152769730269729,positive,joy,"Housing/Real Estate, Technology/Gadgets, Education/Career, Shopping/Commerce, Travel/Transportation, Sports/Recreation, Politics/Government, Infrastructure/Urban"
Location tejgaon Dhaka Bangladesh,nazmul_hasan,2,1,2022-04-05 14:16:12,bangladesh,0.0,0.0,neutral,neutral,Housing/Real Estate
"Kittens for Adoption, i live in Puran Dhaka if you or someone you know wanna adopt a Kitten, contact me.",MonkeyDJas,58,13,2022-01-07 16:08:27,bangladesh,0.0,0.0,neutral,neutral,Housing/Real Estate
Best leather jacket in the Dhaka,Niloyrans,7,7,2021-12-08 07:22:29,bangladesh,-0.0828571428571428,0.2204761904761905,neutral,neutral,"Housing/Real Estate, Food/Dining, Shopping/Commerce, Infrastructure/Urban"
Where can i buy red bull in dhaka?,nunubaka,0,1,2021-11-25 20:36:23,bangladesh,0.1,0.4,neutral,neutral,"Housing/Real Estate, Shopping/Commerce"
Suggestions for a Puran Dhaka visit,Rabbul_K96,6,6,2021-11-21 23:07:10,bangladesh,0.12625,0.485625,positive,neutral,"Housing/Real Estate, Food/Dining, Travel/Transportation"
Where Can I Attest Some documents in Dhaka?,RED818,1,5,2021-09-14 20:03:48,bangladesh,0.0,0.0,neutral,neutral,"Housing/Real Estate, Education/Career, Health/Medical"
"6:35 pm, 18/05/2021, Malibagh ,Dhaka; ""গোধুলিতে ঢাকা, ঢাকা""",saikoopath,21,5,2021-05-18 18:53:28,bangladesh,0.0,0.0,neutral,neutral,Housing/Real Estate
"Tomb of Pari Bibi, Lalbagh Kella, Puran Dhaka, Bangladesh",InterestingBD,150,6,2021-01-17 12:32:11,bangladesh,0.0,0.0,neutral,neutral,Housing/Real Estate
"Happy Victory Day, Bangladesh! This is Minan, vice-principal of Magnolia International School, Malibagh. The photo was taken by Shahadat Parvez, on 23rd March 2007, near Dhaka University.",mohiemen,90,2,2020-12-16 16:01:15,bangladesh,0.0,0.0,neutral,neutral,"Housing/Real Estate, Technology/Gadgets, Education/Career"
Puran Dhaka,azeltrak,91,4,2020-11-24 14:46:58,bangladesh,0.0,0.0,neutral,neutral,Housing/Real Estate
Join the Dhaka-Noakhali long march against rape and the culture of impunity in Bangladesh. It will start today morning sharp at 9:30 from Shahbag and end tomorrow in Noakhali. Hope to see you there.,jamaljcd,65,2,2020-10-16 06:39:38,bangladesh,0.0,0.0,neutral,neutral,"Housing/Real Estate, Technology/Gadgets"
"Foods to taste in Puran Dhaka, need suggestions",warhammer327,2,2,2020-02-20 21:09:13,bangladesh,0.2,0.2,positive,neutral,"Housing/Real Estate, Technology/Gadgets, Food/Dining, Travel/Transportation"
Puran Dhaka from the Sky ! My first Time in the bustling historical part of Dhaka,FMItv,5,0,2019-04-21 20:07:08,bangladesh,0.0,0.0,neutral,neutral,"Housing/Real Estate, Travel/Transportation"
Bangladesh needs help,asmrabbi,1,1,2018-08-05 13:55:09,bangladesh,-0.75,1.0,negative,neutral,"Housing/Real Estate, Technology/Gadgets"
"The Urban Study Group, made up of architects and local volunteers, are fighting to preserve the historic fabric of Puran Dhaka",rambobilai,3,1,2018-03-19 22:04:41,bangladesh,0.0,0.0,neutral,neutral,"Housing/Real Estate, Education/Career, Infrastructure/Urban"
Japan honours Bangladeshi ex-air chief for 1977 Tejgaon airport kidnapping negotiations,takubaba,10,0,2017-05-01 22:39:43,bangladesh,0.0,0.0,neutral,neutral,"Technology/Gadgets, Travel/Transportation"
2017 Bashundhara Bangladesh Open preview interview - Sidduker Rahman,takubaba,2,0,2017-02-01 03:42:40,bangladesh,0.0,0.0,neutral,neutral,Education/Career
First Bangladeshi student at NYU Tisch Film School makes short film on Shahbag and the liberation war.,rambobilai,3,0,2013-12-17 20:34:41,bangladesh,0.0,0.0,neutral,neutral,Education/Career
This is a Dhaka Nostalgia post,Mishti_dooi,36,30,2025-11-06 01:05:30,dhaka,0.1672619047619047,0.5863095238095237,positive,joy,"Housing/Real Estate, Technology/Gadgets, Food/Dining, Sports/Recreation, Infrastructure/Urban"
Car rental in Dhaka,FifqoJeGay,2,1,2025-11-04 14:07:15,dhaka,0.3874999999999999,0.425,positive,joy,"Housing/Real Estate, Travel/Transportation"
Need suggestions for a good chair (around 15k BDT),Disastrous_Record554,5,8,2025-10-27 23:49:03,dhaka,0.0852272727272727,0.3479256854256854,neutral,joy,"Technology/Gadgets, Education/Career, Shopping/Commerce, Relationships/Social, Sports/Recreation"
IGCSE/IELTS students in bangladesh,Natural-Resist7920,2,2,2025-10-25 11:32:04,dhaka,-0.0833333333333333,0.6666666666666666,neutral,neutral,"Housing/Real Estate, Technology/Gadgets, Education/Career"
MacBook Pro M1 kernel panic  need trusted MAC  repair/service in Dhaka that won’t rob me blind,Few-Writing-3970,3,1,2025-10-25 00:35:32,dhaka,0.15,0.375,positive,fear,"Housing/Real Estate, Technology/Gadgets, Shopping/Commerce"
Best Isp in puran dhaka?,mujahidul_islam,1,2,2025-10-22 01:54:12,dhaka,0.1,0.4,neutral,neutral,Housing/Real Estate
Hotels in Moghbazar around 600-700 BDT ?,cum_sprayer_007,1,3,2025-10-15 01:59:45,dhaka,0.0875,0.3,neutral,neutral,"Housing/Real Estate, Food/Dining, Relationships/Social"
Jumuah times around Dhaka,62139,1,11,2025-10-10 15:52:09,dhaka,0.0,0.0666666666666666,neutral,neutral,Housing/Real Estate
Dark Restaurants in Dhaka,Banger_4542,0,10,2025-10-04 22:52:45,dhaka,0.25,0.3999999999999999,positive,joy,"Housing/Real Estate, Technology/Gadgets, Food/Dining, Infrastructure/Urban"
Can you suggest me the best ISP (Internet Service Provider) in Dhaka,Mindless_Rest_9284,2,9,2025-10-01 16:03:35,dhaka,0.133080808080808,0.3580555555555555,positive,trust,"Housing/Real Estate, Technology/Gadgets, Education/Career"
Looking for private spots for couples in Dhaka,Wooden_Ad2367,1,0,2025-09-29 14:19:59,dhaka,0.1,0.53125,neutral,neutral,"Housing/Real Estate, Food/Dining, Relationships/Social"
FAMOUS FOOD IN PURAN DHAKA,OrphicStone,2,4,2025-09-26 22:15:47,dhaka,0.3333333333333333,1.0,positive,neutral,"Housing/Real Estate, Food/Dining"
Swimming Clubs in Dhaka for learning,ComfortableBright638,3,0,2025-09-18 00:52:47,dhaka,0.4416666666666666,0.6000000000000001,positive,joy,Housing/Real Estate
Living and working in BD with a full-sleeve tattoo and broader sociopolitical implications (just my opinionated two cents really)...,Real-ErenYeager,37,40,2025-09-16 16:29:22,dhaka,0.1164712355798421,0.4353230633968341,positive,joy,"Housing/Real Estate, Technology/Gadgets, Education/Career, Food/Dining, Health/Medical, Travel/Transportation, Relationships/Social, Sports/Recreation, Politics/Government, Infrastructure/Urban"
Desperate Dad in Dhaka Seeking Job and Urgent Help – Father of Two Little Girls Facing Eviction and Power Cutoff,sunny_sun92,205,71,2025-09-14 14:11:06,dhaka,0.1333128078817733,0.4070710180623973,positive,joy,"Housing/Real Estate, Technology/Gadgets, Education/Career, Food/Dining, Shopping/Commerce, Travel/Transportation, Relationships/Social, Sports/Recreation, Politics/Government, Infrastructure/Urban"
Puran Dhaka,Alarmed-Sun4941,8,5,2025-08-30 21:44:01,dhaka,0.24375,0.78125,positive,neutral,"Housing/Real Estate, Food/Dining, Travel/Transportation"
Suggest some hotels in puran Dhaka,zhmldhk,1,5,2025-08-04 19:26:34,dhaka,0.05,0.4083333333333333,neutral,anger,Housing/Real Estate
Is investing in real estate in Dhaka worth it?,Odd-Departure-440,8,17,2025-08-03 02:57:00,dhaka,0.153021978021978,0.2826923076923077,positive,neutral,"Housing/Real Estate, Technology/Gadgets, Education/Career, Shopping/Commerce, Travel/Transportation, Relationships/Social"
Is their any place in Dhaka where I can go for a run? I live in Puran Dhaka and every street is filled with shit and litter,Ok_Taro_6601,2,3,2025-07-29 06:29:53,dhaka,0.1232954545454545,0.525,positive,neutral,"Housing/Real Estate, Technology/Gadgets, Education/Career, Food/Dining, Travel/Transportation"
Best Place to Buy Second-Hand Phones in Dhaka?,Rafi012,7,4,2025-07-24 13:06:05,dhaka,0.3625,0.4534722222222222,positive,trust,"Housing/Real Estate, Technology/Gadgets, Shopping/Commerce, Infrastructure/Urban"
"Is Bangladesh entering a new era or just changing masks? A reflection on recent political shifts. --- 📌 Main Body (মূল লেখা): In the past year, Bangladesh has witnessed significant political turbulence—protests, public outrage, and finally, a historic shift in power. Sheikh Hasina’s long-standi",Longjumping_Ship_253,1,0,2025-07-14 09:28:49,dhaka,0.0054109716041534,0.3272634562407289,neutral,anger,"Housing/Real Estate, Technology/Gadgets, Education/Career, Food/Dining, Sports/Recreation, Politics/Government, Infrastructure/Urban"
Dance Lovers of Dhaka - where do you practice?,Agile_Egg_9509,12,18,2025-07-12 20:58:34,dhaka,0.289090909090909,0.4816666666666666,positive,trust,"Housing/Real Estate, Technology/Gadgets, Relationships/Social"
Both hidden gems and famous sites to see in puran Dhaka(Food places also),ifnasss,1,0,2025-07-10 16:31:22,dhaka,0.2739583333333333,0.46875,positive,joy,"Housing/Real Estate, Food/Dining, Travel/Transportation, Relationships/Social"
Requesting traffic jam recommendation for passing hours of time in rickshaw within puran Dhaka.,Small-Recipe9485,4,10,2025-06-21 09:55:20,dhaka,-0.2,0.1,negative,neutral,"Housing/Real Estate, Relationships/Social, Infrastructure/Urban"
Study Spaces in Puran Dhaka,Al-Khataei,4,1,2025-06-19 22:36:22,dhaka,0.0,0.0,neutral,neutral,"Housing/Real Estate, Education/Career, Health/Medical"
Quiet Libraries in Dhaka for Long Study Hours (No Cafés Please),Azannn_,24,34,2025-06-17 00:58:38,dhaka,0.2199999999999999,0.4066666666666666,positive,joy,"Housing/Real Estate, Education/Career, Food/Dining, Shopping/Commerce"
Let's have a thread about your favourite pizza place in Dhaka! 😋🍕,hrafia,23,60,2025-06-13 03:48:47,dhaka,0.3,0.275,positive,neutral,"Housing/Real Estate, Shopping/Commerce"
Puran Dhaka,ahonaf45,2,5,2025-05-06 02:12:40,dhaka,0.7,0.6000000000000001,positive,joy,"Housing/Real Estate, Travel/Transportation"
Moving to Bangladesh for A Levels—Need Info on International Hope School &amp; Daffodil International School,IcyCauliflower2985,4,2,2025-04-24 19:46:17,dhaka,0.2166666666666666,0.3208333333333333,positive,joy,"Housing/Real Estate, Technology/Gadgets, Education/Career, Relationships/Social, Infrastructure/Urban"
Moving to Bangladesh for A Levels—Need Info on International Hope School &amp; Daffodil International School,IcyCauliflower2985,1,5,2025-04-24 19:34:25,dhaka,0.1775,0.2875,positive,joy,"Housing/Real Estate, Technology/Gadgets, Education/Career, Infrastructure/Urban"
There have any best place to makeout in Dhaka?,igotnosex,23,66,2025-04-23 03:58:46,dhaka,0.4166666666666667,0.5166666666666667,positive,joy,"Housing/Real Estate, Technology/Gadgets, Food/Dining, Travel/Transportation"
Daily bus journey in Dhaka... &amp; Road rage experiences,Additional-Leg280,2,12,2025-04-19 21:44:07,dhaka,-0.16875,0.55,negative,anger,"Housing/Real Estate, Technology/Gadgets, Travel/Transportation, Infrastructure/Urban"
Most Bangladeshi Uncles/Aunties can't think rationally,Crowned_XD,37,6,2025-11-19 19:38:48,bangladesh,-0.0043115942028985,0.5679710144927537,neutral,joy,"Housing/Real Estate, Technology/Gadgets, Education/Career, Food/Dining, Shopping/Commerce, Relationships/Social, Sports/Recreation"
I'm a Bangladeshi indie game developer who quit my job to work on my own game. AMA!,Krons-sama,130,87,2025-09-17 12:14:47,bangladesh,-0.1604166666666666,0.3770833333333334,negative,neutral,"Housing/Real Estate, Technology/Gadgets, Education/Career, Food/Dining, Shopping/Commerce, Sports/Recreation, Infrastructure/Urban"
"Unseen photographs of people struggling for liberation in 1971, which resulted in the creation of a sovereign Bangladesh.",TasinMAHDI,24,5,2025-08-29 16:56:51,bangladesh,0.0117647058823529,0.3294117647058823,neutral,neutral,"Housing/Real Estate, Technology/Gadgets, Education/Career, Food/Dining, Health/Medical, Shopping/Commerce, Travel/Transportation, Sports/Recreation"
Is it viable to switch to Law for a Master’s after a CSE undergrad in Bangladesh?,elvinbarton,1,2,2025-08-26 23:54:23,bangladesh,0.0698529411764705,0.4036764705882353,neutral,fear,"Housing/Real Estate, Technology/Gadgets, Education/Career, Health/Medical, Shopping/Commerce, Politics/Government"
"Dhaka University’s Fuller Road, Sculptures of the Independence Struggle were destroyed.",Equivalent_Dog_3891,182,33,2025-08-12 05:34:53,bangladesh,0.0,0.6666666666666666,neutral,anger,"Housing/Real Estate, Technology/Gadgets, Education/Career, Politics/Government, Infrastructure/Urban"
After the Rise of Neo-Razakars at Dhaka University: A Night to Remember the Spirit of Liberation...,TasinMAHDI,89,10,2025-08-07 13:45:13,bangladesh,-0.0239898989898989,0.7444444444444445,neutral,neutral,"Housing/Real Estate, Education/Career, Sports/Recreation"
How to prepare for MSc in CSE admission test at Dhaka University?,Money_Consequence511,2,1,2025-07-27 02:31:29,bangladesh,0.3666666666666666,0.3333333333333333,positive,joy,"Housing/Real Estate, Technology/Gadgets, Education/Career"
Dhaka University(ঢাকা বিশ্ববিদ্যালয়)  এর আশেপাশে কোথায় নীল রঙের ড্রাম  কিনতে পারবো?,tomir18protip,3,12,2025-07-20 20:19:14,bangladesh,0.0,0.0,neutral,neutral,"Housing/Real Estate, Education/Career"
What does it mean to be Bengali,ChubbyFruit,25,36,2025-07-19 05:55:14,bangladesh,0.1892857142857142,0.3505952380952382,positive,neutral,"Housing/Real Estate, Travel/Transportation, Relationships/Social"
Trying to design a high-impact career: Econ/IR at DU + global credentials. Can this lead to executive roles in BD?,Agile_Ad7635,2,0,2025-07-05 19:59:36,bangladesh,0.1395833333333333,0.2807291666666666,positive,neutral,"Housing/Real Estate, Technology/Gadgets, Education/Career, Travel/Transportation, Politics/Government, Infrastructure/Urban"
First time travelling abroad and alone to find my ex in Dhaka,mizzorie,7,17,2025-06-19 21:37:20,bangladesh,0.1429365079365079,0.5096031746031746,positive,joy,"Housing/Real Estate, Technology/Gadgets, Education/Career, Shopping/Commerce, Travel/Transportation, Relationships/Social, Infrastructure/Urban"
What are your thoughts on Dhaka University goons?,shaant00,33,14,2025-05-23 14:09:36,bangladesh,-0.0178571428571428,0.3547619047619048,neutral,neutral,"Housing/Real Estate, Technology/Gadgets, Education/Career"
Recommend a hotel to see crazy Dhaka's traffic from the windows,BlockchainHeadhunter,5,8,2025-05-05 17:07:11,bangladesh,0.1488636363636363,0.40385101010101,positive,joy,"Housing/Real Estate, Technology/Gadgets, Education/Career, Food/Dining, Travel/Transportation, Sports/Recreation, Politics/Government, Infrastructure/Urban"
Searching for place to learn &amp; practice table tennis in Dhaka,MunawarRafid,5,1,2025-04-30 17:06:15,bangladesh,0.3285714285714285,0.5553571428571429,positive,trust,"Housing/Real Estate, Technology/Gadgets, Sports/Recreation"
Why Is Dhaka University Facing So Much Heat on Social Media Lately?,Arcane_Dra_co,4,16,2025-04-24 01:21:01,bangladesh,0.1008333333333333,0.3533333333333334,positive,neutral,"Housing/Real Estate, Technology/Gadgets, Education/Career, Food/Dining, Infrastructure/Urban"
Dhaka University’s latest priority: A hall for Pakistan’s visionary,uponpranbacha,7,2,2025-04-22 16:45:15,bangladesh,0.0,0.0,neutral,neutral,"Housing/Real Estate, Education/Career"
Looking for Imported Cigarette shop in Dhaka,Big-Decision565,7,1,2025-04-07 20:36:02,bangladesh,0.24,0.32,positive,joy,"Housing/Real Estate, Shopping/Commerce"
How different is Dhaka University now?,TemporaryPen2338,5,0,2025-04-06 12:29:18,bangladesh,0.35,0.6000000000000001,positive,joy,"Housing/Real Estate, Education/Career, Sports/Recreation"
Is private universities in bd really worth it?,stinkycatto7,6,7,2025-04-04 22:53:58,bangladesh,-0.0074074074074074,0.3722222222222222,neutral,neutral,"Housing/Real Estate, Technology/Gadgets, Education/Career, Shopping/Commerce, Relationships/Social, Infrastructure/Urban"
Is Architecture a suitable career in Bangladesh?,ImpressiveWish1441,3,5,2025-03-22 07:16:23,bangladesh,0.0166666666666666,0.5000000000000001,neutral,neutral,"Housing/Real Estate, Education/Career"
China sends machinery for domestic defence industry in Bangladesh,VapeyMoron,1,0,2025-03-12 16:25:43,bangladesh,0.0521097046413502,0.3272727272727274,neutral,trust,"Housing/Real Estate, Technology/Gadgets, Education/Career, Food/Dining, Shopping/Commerce, Travel/Transportation, Relationships/Social, Sports/Recreation, Politics/Government, Infrastructure/Urban"
Dhaka University Students Protest the Rise of Shahbagh: Condemn Police Attack by Shahbaghis and Demand Laki Akter’s Arrest,ultrahex007,5,3,2025-03-12 02:30:22,bangladesh,0.0,0.0,neutral,neutral,"Housing/Real Estate, Education/Career, Politics/Government"
[OC ]Virtual World Trip: Bangladesh (Update),Papupapula,2,0,2025-03-08 14:59:29,bangladesh,0.0637392951251646,0.5010935441370223,neutral,neutral,"Housing/Real Estate, Technology/Gadgets, Food/Dining, Travel/Transportation, Sports/Recreation, Infrastructure/Urban"
Dhaka University students throwing shoes at Trump and Netanyahu.,PickleKnown,15,9,2025-02-14 10:34:23,bangladesh,0.0,0.0,neutral,neutral,"Housing/Real Estate, Education/Career, Sports/Recreation"
Help! 40-Day-Old Baby Choking Frequently &amp; Noisy Breathing – Need Urgent Advice in Dhaka,mutebeast2,6,2,2025-01-30 06:29:02,bangladesh,0.0323051948051948,0.4788961038961037,neutral,fear,"Housing/Real Estate, Technology/Gadgets, Education/Career, Food/Dining, Health/Medical, Relationships/Social"
"Do NSU, AIUB, IUB, BGMEA, East West and other well known private universities in Bangladesh charge money from students for workshops and cultural programs? ",rdevasish,3,1,2025-01-10 20:54:40,bangladesh,0.0333333333333333,0.1916666666666666,neutral,neutral,"Technology/Gadgets, Education/Career, Health/Medical, Shopping/Commerce, Travel/Transportation, Sports/Recreation"
I Just hate how most Bangladeshi people just cannot think rationally,Crowned_XD,116,37,2025-11-19 19:18:07,dhaka,-0.0043115942028985,0.5679710144927537,neutral,joy,"Housing/Real Estate, Technology/Gadgets, Education/Career, Food/Dining, Shopping/Commerce, Relationships/Social, Sports/Recreation"
Do Bangladeshi University Students Get .edu e-mail addresses?,biggestloserinearth,9,32,2025-11-18 13:10:46,dhaka,0.1583333333333333,0.3972222222222222,positive,neutral,"Technology/Gadgets, Education/Career, Infrastructure/Urban"
Reddit users from Dhaka's Savar area what do you think about it?,BugPsychological8349,0,0,2025-11-07 01:24:39,dhaka,-0.2,0.7,negative,neutral,Housing/Real Estate
Calling all University of Dhaka students &amp; alumni! Join r/UniversityOfDhaka_DU,CodeAndCorrelation,2,0,2025-10-25 13:10:48,dhaka,0.25,0.3333333333333333,positive,joy,"Housing/Real Estate, Education/Career, Food/Dining, Relationships/Social"
BD job market update,BoysenberryAlarmed54,45,46,2025-10-24 02:58:39,dhaka,0.0845601851851851,0.4849999999999999,neutral,joy,"Housing/Real Estate, Technology/Gadgets, Education/Career, Shopping/Commerce"
Should I aim for Dhaka university ?,arafattrr,8,51,2025-10-22 13:14:31,dhaka,0.0,0.0,neutral,neutral,"Housing/Real Estate, Technology/Gadgets, Education/Career"
"HSC ’26 Dhaka here — Confused about my future, need advice",Disastrous_Lunch_773,3,0,2025-10-20 00:24:54,dhaka,0.1583333333333333,0.4495614035087719,positive,joy,"Housing/Real Estate, Technology/Gadgets, Education/Career, Food/Dining, Infrastructure/Urban"
Stay in BD or move abroad?,GurWide6589,7,17,2025-10-17 13:33:34,dhaka,-0.0297520661157024,0.3962809917355372,neutral,fear,"Technology/Gadgets, Education/Career, Relationships/Social, Infrastructure/Urban"
AI-Safe Detective Comic Scene: Detective Arif Rahman in Old Dhaka,ResponsibleFudge8955,7,12,2025-10-02 22:38:34,dhaka,0.045,0.5824999999999999,neutral,neutral,"Housing/Real Estate, Technology/Gadgets, Food/Dining, Shopping/Commerce, Sports/Recreation"
Please recommend: Things to do/see Dhaka University.,SeaOfCloudss,3,7,2025-09-28 21:04:56,dhaka,0.1525252525252525,0.2898989898989899,positive,neutral,"Housing/Real Estate, Technology/Gadgets, Education/Career, Shopping/Commerce, Travel/Transportation, Infrastructure/Urban"
Is finding talented people in Bangladesh to do ANYTHING at an international level IMPOSSIBLE?,UncomfortablyBrown,62,65,2025-09-26 01:14:18,dhaka,0.048922853875684,0.4864555256064691,neutral,joy,"Housing/Real Estate, Technology/Gadgets, Education/Career, Shopping/Commerce, Sports/Recreation, Politics/Government, Infrastructure/Urban"
Are there Boxing gyms around old dhaka?,OkStretch332,3,0,2025-09-21 02:57:53,dhaka,-0.25625,0.74375,negative,neutral,Housing/Real Estate
Looking for budget-friendly and good quality Panjabi shops near Dhaka University,GandalfTheGray73,2,1,2025-09-17 22:18:01,dhaka,0.4104166666666666,0.4791666666666667,positive,joy,"Housing/Real Estate, Technology/Gadgets, Education/Career, Shopping/Commerce, Relationships/Social, Politics/Government"
Al Badr won Dhaka University,deltagt98,26,124,2025-09-10 13:19:30,dhaka,0.198051948051948,0.4435064935064935,positive,anger,"Housing/Real Estate, Technology/Gadgets, Education/Career, Food/Dining, Politics/Government"
Which coaching should I do for Dhaka University B unit and C unit ?,Mental-Joke5827,5,7,2025-09-03 13:01:32,dhaka,0.13,0.42,positive,joy,"Housing/Real Estate, Technology/Gadgets, Education/Career, Health/Medical, Relationships/Social"
studying cse independently in bd without uni,wujair,1,15,2025-08-27 16:33:17,dhaka,0.2411375661375661,0.4304894179894179,positive,joy,"Housing/Real Estate, Education/Career, Shopping/Commerce, Travel/Transportation, Infrastructure/Urban"
Is it viable to switch to Law for a Master’s after a CSE undergrad in Bangladesh?,elvinbarton,3,0,2025-08-26 23:49:37,dhaka,0.0698529411764705,0.4036764705882353,neutral,fear,"Housing/Real Estate, Technology/Gadgets, Education/Career, Health/Medical, Shopping/Commerce, Politics/Government"
Engineering in Bangladesh,Zetafunction64,14,5,2025-08-24 19:26:29,dhaka,0.2177960927960928,0.4172649572649571,positive,joy,"Housing/Real Estate, Technology/Gadgets, Education/Career, Health/Medical, Travel/Transportation, Relationships/Social, Sports/Recreation, Politics/Government, Infrastructure/Urban"
"Bangladesh's Ambassadoe Muhammad presented credentials to Burkina Faso's President Ibrahim Traoré, proposing direct cotton trade to boost Bangladesh’s textile industry &amp; open new markets for Burkina",VapeyMoron,268,33,2025-07-02 18:07:15,bangladesh,0.0,0.0,neutral,neutral,Shopping/Commerce
Why Markets around Bangladesh is called 'New Market'?,Forgotten_Seriously,22,13,2025-05-08 23:35:23,bangladesh,-0.009090909090909,0.4515151515151515,neutral,neutral,"Housing/Real Estate, Shopping/Commerce"
Studying in Bangladesh,PartySchedule597,2,2,2025-04-08 20:30:32,bangladesh,0.0714814814814814,0.4544444444444444,neutral,neutral,"Housing/Real Estate, Technology/Gadgets, Education/Career"
Where can I purchase regular fit men's outfit in Dhaka city?,Mindless_Session_761,1,2,2024-09-07 20:54:06,bangladesh,0.0,0.5625,neutral,neutral,"Housing/Real Estate, Shopping/Commerce, Travel/Transportation, Infrastructure/Urban"
Which MBA is better for the BD job market.,Otcoron,0,2,2024-05-22 12:56:47,bangladesh,-0.8,0.9,negative,neutral,"Education/Career, Shopping/Commerce"
Enrolling large number of students without any proper admission test is extremely detrimental to the quality of education in private universities of Bangladesh,Background-Way-69,6,8,2024-02-20 20:21:27,bangladesh,0.0844658119658119,0.4251495726495727,neutral,joy,"Technology/Gadgets, Education/Career, Food/Dining, Health/Medical, Politics/Government, Infrastructure/Urban"
Which countries should a tech graduate from bangladesh target? Study or Work,Superb_Safe_5950,9,23,2024-01-13 17:52:43,bangladesh,0.2125,0.303125,positive,neutral,"Technology/Gadgets, Education/Career"
"Elephants on the march, Pilkhana, Dhaka (1904) by Fritz Kapp. Dhaka Nawab's Garden, now known as Paribagh and Shahbagh. The path between Pilkhana and the jungle, through which the elephants traversed (adjacent to Dhaka New Market), later became a public road named Elephant Road. (Source: Wikipedia)",grbprogenitor,99,16,2023-11-08 23:10:08,bangladesh,0.0,0.0,neutral,neutral,"Housing/Real Estate, Technology/Gadgets, Shopping/Commerce, Infrastructure/Urban"
Tips for future foreign visitors to Bangladesh - my experience,marble_god,9,12,2023-09-19 08:32:10,bangladesh,0.1172149279292136,0.5210421751630543,positive,joy,"Housing/Real Estate, Technology/Gadgets, Education/Career, Food/Dining, Health/Medical, Shopping/Commerce, Travel/Transportation, Relationships/Social, Politics/Government, Infrastructure/Urban"
How do you design a cashless Bangladesh?,Mwrp86,12,30,2023-08-03 20:17:05,bangladesh,0.1011363636363636,0.3129545454545455,positive,anger,"Technology/Gadgets, Shopping/Commerce, Travel/Transportation, Infrastructure/Urban"
How do I improve navigation skill in Dhaka city?,Weak_Garage_2293,20,33,2023-05-08 17:03:24,bangladesh,0.062310606060606,0.5396464646464646,neutral,neutral,"Housing/Real Estate, Shopping/Commerce, Travel/Transportation, Infrastructure/Urban"
Which University in Bangladesh offers the best CSE or EEE course ?,CaptainSmarty,0,3,2022-06-24 02:36:41,bangladesh,-0.8,0.9,negative,neutral,"Technology/Gadgets, Education/Career"
"First meet our demands, then reopen New Market, say Dhaka College students",Loose-Ad3281,7,7,2022-04-21 19:05:46,bangladesh,0.0,0.0,neutral,neutral,"Housing/Real Estate, Education/Career, Shopping/Commerce"
"After last night, students and traders clash again in Dhaka New Market area",Loose-Ad3281,8,10,2022-04-19 19:22:11,bangladesh,0.0,0.0,neutral,neutral,"Housing/Real Estate, Technology/Gadgets, Education/Career, Shopping/Commerce"
Best university in Bangladesh for doing MPH degree? Preferably private.,jacktheriddler,7,6,2022-04-13 19:09:11,bangladesh,0.01875,0.3788194444444444,neutral,joy,"Housing/Real Estate, Technology/Gadgets, Education/Career, Food/Dining, Health/Medical, Infrastructure/Urban"
"Drone Show Near Hatirjheel, in Celebration of Bangladesh’s Golden Jubilee of Independence and Development, depicting crucial projects and history of Bangladesh",an_ionic,248,84,2022-04-01 00:42:33,bangladesh,0.0,0.0,neutral,neutral,Infrastructure/Urban
"A mask stall (New Market Area, Dhaka /Thursday 1/04/2021)",syntax_error_1025,9,0,2021-04-06 22:15:51,bangladesh,0.0,0.0,neutral,neutral,"Housing/Real Estate, Shopping/Commerce"
"Cycle Riding vlog in Hatirjheel, Dhaka, Bangladesh",InterestingBD,4,0,2021-03-16 14:30:58,bangladesh,0.0,0.0,neutral,neutral,Housing/Real Estate
"Sitting on the passenger seat, the daughter is trying to feed some sweetlike food to her father, while they all were going out for a family ride on her father's rickshaw. New Market, Dhaka. © Al Forhad",mhadr,370,22,2021-01-10 21:23:03,bangladesh,0.0,0.0,neutral,neutral,"Housing/Real Estate, Food/Dining, Shopping/Commerce, Travel/Transportation, Relationships/Social"
(Just curious) Has any incident similar to what happened today in the US ever occurred in Bangladesh i.e. radical supporters trying to breach Sangsad Bhaban?,ParityBit0110011,5,12,2021-01-07 11:05:03,bangladesh,0.0,0.0,neutral,neutral,Technology/Gadgets
"New Market, Dhaka, Bangladesh",RF_Xafi_1999,107,17,2020-03-29 16:53:48,bangladesh,0.0,0.0,neutral,neutral,"Housing/Real Estate, Shopping/Commerce"
Dhaka Nights — Hatirjheel,king_king_2000,78,11,2019-01-18 20:37:29,bangladesh,0.0,0.0,neutral,neutral,Housing/Real Estate
Luxury attractions in Bangladesh?,JaningPower,9,2,2015-04-21 09:02:09,bangladesh,0.1541071428571428,0.442172619047619,positive,joy,"Housing/Real Estate, Technology/Gadgets, Food/Dining, Shopping/Commerce, Travel/Transportation, Relationships/Social, Politics/Government"
thrift cloths in bd - original or copy?,no_jhamela,2,1,2025-10-22 16:20:33,dhaka,-0.0284090909090909,0.5823863636363636,neutral,neutral,"Housing/Real Estate, Shopping/Commerce"
best university to study data science in bangladesh,Icy_Lime_5784,1,6,2025-10-02 02:12:53,dhaka,-0.0927083333333333,0.5677083333333334,neutral,neutral,"Technology/Gadgets, Education/Career"
Dhaka new market,KhondokarIbrahim,2,5,2025-08-29 13:24:33,dhaka,0.1608225108225108,0.3852813852813853,positive,neutral,"Housing/Real Estate, Technology/Gadgets, Shopping/Commerce"
Offline shopping places in Dhaka ( except new market lmao),Fun_Blackberry_864,1,3,2025-08-12 14:38:52,dhaka,0.0833333333333333,0.3717948717948718,neutral,neutral,"Housing/Real Estate, Shopping/Commerce"
Airport railway station to dhaka?,Fine-Cycle1103,3,2,2025-06-30 09:35:25,dhaka,0.325,0.6166666666666667,positive,neutral,"Housing/Real Estate, Technology/Gadgets, Travel/Transportation"
Looking for Treadmill-Only Access Gyms in Dhaka,Comfortable-Tax-2732,1,0,2025-06-15 21:27:59,dhaka,0.200974025974026,0.3418831168831169,positive,neutral,"Housing/Real Estate, Technology/Gadgets"
Suggest Some Low Budget Private University For BBA in Dhaka.,Carl_Johnson_7,2,19,2025-04-17 18:03:50,dhaka,0.0286363636363636,0.3875,neutral,joy,"Housing/Real Estate, Technology/Gadgets, Education/Career, Shopping/Commerce, Infrastructure/Urban"
Studying in Dhaka,PartySchedule597,0,21,2025-04-08 20:55:04,dhaka,0.0714814814814814,0.4544444444444444,neutral,neutral,"Housing/Real Estate, Technology/Gadgets, Education/Career"
Where can I find baggy fits in Dhaka at a reasonable price?,FunnySuspect2348,3,9,2025-04-08 14:34:16,dhaka,0.0010227272727272,0.3779545454545455,neutral,neutral,"Housing/Real Estate, Technology/Gadgets, Education/Career, Shopping/Commerce"
BD Private Uni Queries,Ok_Distribution_5195,1,2,2025-04-05 20:24:23,dhaka,-0.0549450549450549,0.3809523809523809,neutral,neutral,"Housing/Real Estate, Technology/Gadgets, Education/Career, Relationships/Social, Sports/Recreation, Infrastructure/Urban"
"Do NSU, AIUB, IUB, BGMEA, East West and other well known private universities in Bangladesh charge money from students for workshops and cultural programs? ",rdevasish,1,3,2025-01-10 20:53:08,dhaka,0.0333333333333333,0.1916666666666666,neutral,neutral,"Technology/Gadgets, Education/Career, Health/Medical, Shopping/Commerce, Travel/Transportation, Sports/Recreation"
"Do you think students of 7 Colleges(Dhaka college, Titumir etc.) under Dhaka University are lower in qualities?",GhostOfSpartaaaaaaa,0,3,2024-11-18 19:27:28,dhaka,0.1373949579831933,0.3751400560224089,positive,joy,"Housing/Real Estate, Technology/Gadgets, Education/Career, Food/Dining, Relationships/Social, Politics/Government, Infrastructure/Urban"
Where to buy clothes for men around Dhaka at best price? ,mushfiqurmasum,1,1,2024-10-28 02:52:56,dhaka,0.0454545454545454,0.1931818181818182,neutral,neutral,"Housing/Real Estate, Shopping/Commerce"
Latest update from Dhaka ,aaw4949,13,9,2024-07-20 15:22:05,dhaka,-0.0366666666666666,0.4466666666666666,neutral,joy,"Housing/Real Estate, Technology/Gadgets, Education/Career, Shopping/Commerce, Politics/Government, Infrastructure/Urban"
hype of universities in dhaka or dhaka in general ,themanwhosoldthworld,10,12,2024-05-23 19:29:18,dhaka,0.140625,0.3989583333333333,positive,joy,"Housing/Real Estate, Technology/Gadgets, Education/Career, Food/Dining"
Visiting Dhaka follow up,rickkert046,37,14,2024-11-13 10:35:01,bangladesh,0.0727007011253586,0.3912409508299919,neutral,joy,"Housing/Real Estate, Technology/Gadgets, Shopping/Commerce, Travel/Transportation, Relationships/Social, Politics/Government, Infrastructure/Urban"
The Dark Side of Bangladesh’s New Year Celebrations: Chhatra League’s Legacy of Sexual Harassment,MunzerTopu,275,54,2024-10-26 00:16:17,bangladesh,-0.1488636363636363,0.5162878787878789,negative,surprise,"Technology/Gadgets, Education/Career, Travel/Transportation, Sports/Recreation, Infrastructure/Urban"
"The ""Secular Bangladesh"" wall painting in TSC has been vandalized",DoodhBhaat,81,21,2024-08-12 20:38:16,bangladesh,0.0,0.0,neutral,neutral,Technology/Gadgets
Google Street View got updated in Dhaka,cutepup123,56,11,2023-12-09 19:29:37,bangladesh,0.1643939393939393,0.5257575757575758,positive,neutral,"Housing/Real Estate, Technology/Gadgets, Travel/Transportation, Infrastructure/Urban"
Ahsan Manzil Dhaka 1975,erepresent,9,0,2022-10-06 23:07:24,bangladesh,-0.75,1.0,negative,neutral,Housing/Real Estate
"Lalbagh Fort, Dhaka",ajran_adib139,48,4,2022-07-12 23:32:33,bangladesh,0.0,0.0,neutral,neutral,Housing/Real Estate
"[OC] TSC,Dhaka University (source: myself)",Fatema_Ruhee,153,17,2022-02-18 18:43:04,bangladesh,0.0,0.0,neutral,neutral,"Housing/Real Estate, Education/Career"
"Sculpture @ TSC, Dhaka University | Raju Memorial | I'm really proud of how really young people fought oppressive governments in the past, this sculpture captures that",yasserius,133,25,2021-12-30 19:43:25,bangladesh,0.0,0.0,neutral,neutral,"Housing/Real Estate, Education/Career, Politics/Government"
"Sculpture at TSC, Dhaka University | Raju Memorial | I'm really proud of how really young people actively fought against the oppressive governments in the past, this sculpture captures that",yasserius,1,0,2021-12-30 19:33:10,bangladesh,0.0,0.0,neutral,neutral,"Housing/Real Estate, Technology/Gadgets, Education/Career, Politics/Government"
What is it like to live in Bangladesh? What are the things you like and what are the challenges you face?,PolySci_Alpha,41,59,2021-10-21 08:57:54,bangladesh,0.0507575757575757,0.5641414141414142,neutral,neutral,"Housing/Real Estate, Technology/Gadgets, Food/Dining, Travel/Transportation, Sports/Recreation, Infrastructure/Urban"
"Nawab Sir Khawaja Salimullah with local elites. — Ahsan Manzil, Dhaka, 1902.",AnimalNo7484,20,2,2021-10-11 10:22:00,bangladesh,0.0,0.0,neutral,neutral,Housing/Real Estate
"Nawab Salimullah in a Darbar. — Ahsan Manzil, Dhaka, 15 October 1905",AnimalNo7484,25,4,2021-10-11 10:18:30,bangladesh,0.0,0.0,neutral,neutral,Housing/Real Estate
"Khawaja Nazimuddin, Premier of Bengal in British India and Chief Minister of East Bengal (Later Governer General and Prime Minister of Pakistan) posing for Vogue at his family's ancestral home, Ahsan Manzil, Dhaka. (1947)",AnimalNo7484,63,37,2021-10-08 14:44:41,bangladesh,0.0,0.0,neutral,neutral,"Housing/Real Estate, Relationships/Social, Politics/Government"
"TSC,Dhaka",0ldb0ymr0,12,2,2021-06-05 21:28:42,bangladesh,0.0,0.0,neutral,neutral,Housing/Real Estate
A quick view in front of Ahsan Manzil at Dhaka in Bangladesh | ঐতিহ্যবাহী আহসান মঞ্জিল,armaneverafter,4,0,2020-05-15 02:02:30,bangladesh,0.0,0.0,neutral,neutral,Housing/Real Estate
"The light man- TSC,Dhaka",Sushmoy07,97,6,2019-05-26 12:06:53,bangladesh,0.0,0.0,neutral,neutral,Housing/Real Estate
"The first female drummer of Bangladesh, Georgina Huq, performed at TSC on the eve of Victory Day.",takubaba,10,0,2016-12-16 22:38:30,bangladesh,0.0,0.0,neutral,neutral,General
Boishakh celebration: Women harassed near TSC | Dhaka Tribune,rmuktader,6,0,2015-04-16 07:47:15,bangladesh,0.0,0.0,neutral,neutral,Housing/Real Estate
Can I use rickshaw to go to Bijoy Sarani Station (on MRT Line-6) from Dhaka Residential Model College?,tasara-panda-09020,1,7,2025-10-12 01:23:30,dhaka,0.0499999999999999,0.6,neutral,neutral,"Housing/Real Estate, Education/Career, Shopping/Commerce, Infrastructure/Urban"
Dhaka is a very nice city,lord_sammy,43,18,2025-07-25 19:01:29,dhaka,0.4935833333333334,0.6439999999999999,positive,joy,"Housing/Real Estate, Food/Dining, Shopping/Commerce, Travel/Transportation, Relationships/Social, Infrastructure/Urban"
10 Haunted Places in Dhaka – Fact or Folklore?,Love-and-Dominance,22,20,2025-05-27 18:42:39,dhaka,0.015625,0.3776785714285715,neutral,sadness,"Housing/Real Estate, Technology/Gadgets, Education/Career, Food/Dining, Health/Medical, Travel/Transportation, Infrastructure/Urban"
Date In Dhaka....❤️?,VoidPlaystation,0,27,2024-12-13 15:01:53,dhaka,0.2371212121212121,0.4515151515151515,positive,neutral,"Housing/Real Estate, Relationships/Social"
Places to visit in Puran Dhaka,CommunicationIll6793,2,2,2024-05-23 17:04:17,dhaka,-0.0625,0.4375,neutral,neutral,"Housing/Real Estate, Technology/Gadgets, Travel/Transportation"
Ahsan Manzil Dhaka 1975,erepresent,2,4,2022-10-05 21:36:00,dhaka,0.0,0.0,neutral,neutral,Housing/Real Estate
"Lalbagh Fort, An Awesome Historical Place To Visit In Dhaka! » AUHStyle",Baib06,3,1,2018-12-31 19:44:29,dhaka,0.0,0.0,neutral,neutral,"Housing/Real Estate, Travel/Transportation"
BCB DHAKA DIVISION CRICKET LEAGUE TOURNAMENTS,dhonbolsen,3,0,2025-10-16 23:35:23,bangladesh,0.0195767195767195,0.32010582010582,neutral,trust,"Housing/Real Estate, Technology/Gadgets, Travel/Transportation, Sports/Recreation"
ভূমধ্যসাগরের নিচে ঘুমিয়ে আছে বাংলাদেশ - The Route of No Return | Voice of Dhaka,Asleep-Jellyfish007,1,0,2025-10-10 18:24:20,bangladesh,0.0,0.0,neutral,neutral,Housing/Real Estate
"Indian Visiting Dhaka, suggestions?",integer_tostring,2,12,2025-09-27 05:50:22,bangladesh,0.1674603174603174,0.3468253968253968,positive,joy,"Housing/Real Estate, Education/Career, Food/Dining, Travel/Transportation, Relationships/Social"
Bachelors And Dhaka!,SuspectSuspecious_,3,2,2025-09-27 05:48:42,bangladesh,0.2263888888888889,0.4819444444444444,positive,joy,"Housing/Real Estate, Food/Dining, Infrastructure/Urban"
BSF Push In: How an Assamese woman ended up in a slum in Dhaka,yasserius,7,2,2025-09-26 13:02:58,bangladesh,0.0,0.0,neutral,neutral,Housing/Real Estate
How to stay safe in Dhaka while doing UG,Worth-Gene,23,17,2025-09-24 16:31:11,bangladesh,0.0121212121212121,0.6181818181818182,neutral,anger,"Housing/Real Estate, Education/Career, Travel/Transportation"
Where to buy ladies western clothing in Dhaka? Wide pants and shirts.,ElNinoMaravilla,7,14,2025-09-23 20:22:47,bangladesh,0.4666666666666666,0.4000000000000001,positive,joy,"Housing/Real Estate, Shopping/Commerce"
Need suggestions for trusted shipping agents from China to Bangladesh,Drawing-Live,8,10,2025-09-22 16:40:41,bangladesh,0.175,0.4416666666666667,positive,joy,"Housing/Real Estate, Technology/Gadgets, Shopping/Commerce"
Scene of Dhaka in 1958.,TasinMAHDI,9,4,2025-09-22 14:36:33,bangladesh,0.0,0.0,neutral,neutral,Housing/Real Estate
Where to buy airguns in Dhaka?,Initial-Read4305,3,0,2025-09-21 23:58:39,bangladesh,0.0,0.0,neutral,neutral,"Housing/Real Estate, Technology/Gadgets, Shopping/Commerce"
"Dear Bangladeshi brothers, please take care not to harm us",SquarePromise2707,67,36,2025-09-21 16:28:52,bangladesh,0.1293123543123543,0.4461538461538462,positive,neutral,"Housing/Real Estate, Technology/Gadgets, Education/Career, Travel/Transportation, Infrastructure/Urban"
How do you manage your budget in Dhaka with Family and mid level pay?,UnlikelySecret2629,9,2,2025-09-20 15:01:45,bangladesh,0.0,0.0,neutral,neutral,"Housing/Real Estate, Relationships/Social"
Where I can find hot wheels in dhaka?,carefree_victory,3,0,2025-09-19 00:18:16,bangladesh,0.325,0.775,positive,neutral,"Housing/Real Estate, Shopping/Commerce"
Dhaka Birdwatching ঢাকায় বার্ডওয়াচিং,Macula-Densa,8,3,2025-09-17 06:28:36,bangladesh,0.175,0.375,positive,joy,"Housing/Real Estate, Technology/Gadgets, Travel/Transportation"
On arrival visa @Dhaka Airport,bangalimahbub,2,4,2025-09-17 02:32:52,bangladesh,0.1,0.225,neutral,neutral,"Housing/Real Estate, Technology/Gadgets, Travel/Transportation"
"Affordable, quiet and green: Electric shuttle buses set a model for Dhaka’s residential areas",Alone-Attention-2139,9,2,2025-09-12 19:17:18,bangladesh,0.0,0.0,neutral,neutral,"Housing/Real Estate, Travel/Transportation"
Dhaka Foreign customs held my product,Fun-Middle-1660,2,1,2025-09-11 08:35:48,bangladesh,0.0,0.0,neutral,neutral,"Housing/Real Estate, Shopping/Commerce"
Dhaka Elevated Expressway Friday Afternoon Drive,Strict-Relief515,2,1,2025-09-10 18:49:09,bangladesh,0.2666666666666666,0.4555555555555555,positive,neutral,Housing/Real Estate
Best psychologist in Dhaka under budget,Puzzleheaded-Hat6548,2,0,2025-09-10 15:37:08,bangladesh,0.0,0.0,neutral,neutral,Housing/Real Estate
suggest gray/moody aesthetic restaurant in dhaka,No_idea_duh,3,0,2025-09-09 19:03:54,bangladesh,0.4666666666666667,1.0,positive,neutral,"Housing/Real Estate, Food/Dining, Relationships/Social"
Dhaka na Kolkata,RazzmatazzStrict,2,0,2025-09-08 19:25:17,bangladesh,0.0,0.0,neutral,neutral,Housing/Real Estate
What if Sam Hargrave's Extraction had a Bangladeshi cast,Puzzled-Horse279,2,0,2025-09-08 18:40:12,bangladesh,0.0986537605696483,0.3438208209236247,neutral,joy,"Housing/Real Estate, Technology/Gadgets, Food/Dining, Shopping/Commerce, Relationships/Social, Sports/Recreation, Politics/Government, Infrastructure/Urban"
Backpacking Bangladesh,BriefVeterinarian106,6,6,2025-09-08 13:56:13,bangladesh,0.2962418300653595,0.4277777777777777,positive,joy,"Housing/Real Estate, Travel/Transportation, Relationships/Social"
"Bangladesh, India to hold talks in Delhi on Ganges water-sharing treaty on Tuesday",Alone-Attention-2139,5,0,2025-09-07 19:30:07,bangladesh,-0.1916666666666666,0.425,negative,neutral,"Housing/Real Estate, Technology/Gadgets, Food/Dining"
Therapists in Dhaka that offer services in English,bagpurchaser,3,1,2025-09-07 16:06:10,bangladesh,0.0,0.0,neutral,neutral,Housing/Real Estate
Dhaka Awaits Opening Of Century-Old Diamond Vault | Asia One News,maifee,2,0,2025-09-06 11:51:52,bangladesh,0.0,0.0,neutral,neutral,"Housing/Real Estate, Technology/Gadgets"
Decent Bars in Dhaka,mid20sman,13,7,2025-09-05 14:24:33,bangladesh,0.3125,0.45,positive,joy,"Housing/Real Estate, Education/Career, Food/Dining, Sports/Recreation"
Why is Dhaka so trafficy?,Viv3lafranc3,2,1,2025-09-05 09:06:21,bangladesh,0.0,0.1,neutral,neutral,"Housing/Real Estate, Health/Medical, Travel/Transportation, Politics/Government, Infrastructure/Urban"
Which steak house is the best in Dhaka...,Cryptographer47051,5,2,2025-09-03 20:00:53,bangladesh,0.5,0.2,positive,neutral,Housing/Real Estate
What if Dhaka was abandoned and nature took it back? 🌿 A mysterious AI short film I made,Competitive-Essay798,0,16,2025-09-03 18:18:57,bangladesh,0.1576704545454545,0.4693181818181818,positive,joy,"Housing/Real Estate, Technology/Gadgets, Food/Dining, Relationships/Social, Politics/Government, Infrastructure/Urban"
Best perfumes to wear in Dhaka,Rapid47,2,1,2025-08-31 16:13:30,bangladesh,0.0,0.0,neutral,neutral,Housing/Real Estate
Safe to visit Bangladesh as a Pakistani?,Fondant_Decent,32,40,2025-08-29 16:02:21,bangladesh,0.25,0.2611111111111112,positive,joy,"Housing/Real Estate, Travel/Transportation, Relationships/Social"
Is it possible to go to Dhaka by boat from Chittagong?,siam19,2,2,2025-08-29 09:14:33,bangladesh,0.05,0.7,neutral,neutral,Housing/Real Estate
Want to enjoy Dhaka,Mysterious_Natural55,4,4,2025-08-28 06:03:38,bangladesh,0.2749053030303029,0.5864898989898991,positive,joy,"Housing/Real Estate, Technology/Gadgets, Food/Dining, Travel/Transportation, Relationships/Social, Infrastructure/Urban"
"I'm not sure if it is only me, but the sky-summit level of MRT line 6 sort of made Dhaka look more modern.",Comfortable-Table-57,1,0,2025-08-28 03:33:46,bangladesh,0.252,0.428,positive,neutral,"Housing/Real Estate, Technology/Gadgets, Education/Career, Sports/Recreation, Infrastructure/Urban"
"Today's editorials in Pakistan's Dawn (""Ties That Bind"") and Tribune (""Reset with Dhaka"") on the FM’s BD visit expose their mindset. Both dismiss 1971 as a mere ""tragedy,"" avoiding true apology for genocide. Not shockingly, their tone mirrors their own collaborators’ stance!",TasinMAHDI,106,32,2025-08-27 09:07:55,bangladesh,0.0,0.0,neutral,neutral,"Housing/Real Estate, Travel/Transportation"
"Where to shop in Dhaka for skirts, tops &amp; three-pieces?",Winter-Fig-4104,2,1,2025-08-27 00:44:50,bangladesh,0.475,0.6333333333333333,positive,joy,"Housing/Real Estate, Shopping/Commerce"
"Dhaka &amp; Chittagong Airports are major hub for drugs,Gold trafficking in south east Asia! We are seeing tip of the iceberg in regards of seizing Drugs &amp; Gold!",Asleep-Jellyfish007,6,2,2025-08-26 21:14:34,bangladesh,0.0,0.0,neutral,neutral,"Housing/Real Estate, Technology/Gadgets, Travel/Transportation, Infrastructure/Urban"
"Dhaka, Bangladesh",VapeyMoron,53,9,2025-08-25 23:30:45,bangladesh,0.0,0.0,neutral,neutral,Housing/Real Estate
Where in Dhaka can I get these Chunky Penny Loafers and Men's long wallet in best price?,Mikoyane,2,6,2025-11-19 19:09:52,dhaka,0.0,0.0,neutral,neutral,"Housing/Real Estate, Shopping/Commerce"
Best dermatologist in DHAKA for Fungal infection (Tinia Cruris),OpenBelt8195,6,25,2025-11-19 18:28:22,dhaka,0.1,0.4166666666666666,neutral,anger,"Housing/Real Estate, Food/Dining, Health/Medical"
Best online physics course for HSC students in Bangladesh?,No_Arrival_9355,2,6,2025-11-19 18:14:45,dhaka,0.4121212121212121,0.3944444444444444,positive,neutral,"Housing/Real Estate, Technology/Gadgets, Education/Career"
Is mbbs from Bangladesh worth it??,timespaceweb,18,40,2025-11-19 07:24:51,dhaka,0.0928571428571428,0.2607142857142857,neutral,neutral,"Education/Career, Health/Medical, Relationships/Social"
Getting Euro payments as a Bangladeshi,Alfred_Pithu,3,4,2025-11-19 04:56:44,dhaka,0.1332438016528926,0.4182369146005509,positive,joy,"Technology/Gadgets, Education/Career, Relationships/Social, Politics/Government"
Visiting Dhaka - looking for recommendations,RealZubidoo,3,2,2025-11-19 01:00:32,dhaka,0.2966666666666667,0.4633333333333334,positive,joy,"Housing/Real Estate, Technology/Gadgets, Education/Career, Food/Dining, Shopping/Commerce, Travel/Transportation, Infrastructure/Urban"
To the US and Europe Based BD community,Left-Homework-6650,3,4,2025-11-19 00:06:45,dhaka,0.1767857142857142,0.4857142857142857,positive,joy,"Housing/Real Estate, Technology/Gadgets, Education/Career, Food/Dining, Shopping/Commerce, Travel/Transportation, Relationships/Social, Infrastructure/Urban"
Dhaka's traffic is getting worse and no one seems to care,StockholmSyndrome_69,25,15,2025-11-18 23:46:19,dhaka,-0.1366666666666666,0.6116666666666666,negative,neutral,"Housing/Real Estate, Sports/Recreation, Politics/Government, Infrastructure/Urban"
Is Ali2BD reliable?,SalaryImpressive7469,13,18,2025-11-18 23:21:16,dhaka,-0.2875,0.7625000000000001,negative,trust,"Housing/Real Estate, Shopping/Commerce"
Bangladesh is severely lacking in Public Libraries and overall access to books.,Honest_Ad_6090,63,40,2025-11-18 21:43:20,dhaka,0.0705199958771387,0.2709869099154813,neutral,joy,"Technology/Gadgets, Education/Career, Politics/Government, Infrastructure/Urban"
Is there anything I can bring from Germany and sell at a profit in Bangladesh?,United-Road-7338,2,5,2025-11-18 21:07:32,dhaka,0.0,0.0,neutral,neutral,"Shopping/Commerce, Travel/Transportation"
Bangladeshi women should stop settling for less. We are enabling these losers,QuietSuccessfull,149,336,2025-11-18 20:37:15,dhaka,0.1677437641723356,0.5134353741496598,positive,joy,"Technology/Gadgets, Food/Dining, Health/Medical, Relationships/Social, Sports/Recreation"
Dhaka-Chittagong highway speedcam?,Reedditcdi,3,3,2025-11-18 19:07:11,dhaka,-0.0725,0.5241666666666667,neutral,neutral,"Housing/Real Estate, Education/Career, Infrastructure/Urban"
BD domestic flights,zsk471,2,3,2025-11-18 17:07:13,dhaka,-0.040625,0.321875,neutral,neutral,"Housing/Real Estate, Technology/Gadgets, Shopping/Commerce, Travel/Transportation"
Good camera repair shop in Dhaka + cost?,Additional-Skirt-937,3,0,2025-11-18 07:13:38,dhaka,0.045,0.3749999999999999,neutral,trust,"Housing/Real Estate, Technology/Gadgets, Shopping/Commerce, Sports/Recreation"
Is arranged marriage still a thing in Bangladesh for male in their early 20s?,hackerbong,55,47,2025-11-18 06:56:01,dhaka,0.1658095238095238,0.4115714285714286,positive,neutral,"Housing/Real Estate, Technology/Gadgets, Education/Career, Relationships/Social, Infrastructure/Urban"
Bangladesh Court Orders Death Penalty for Ex-PM Hasina Over Deadly 2024 Uprising,shadrack_CK,5,0,2025-11-18 01:56:01,dhaka,0.0,0.0,neutral,neutral,"Food/Dining, Shopping/Commerce, Politics/Government"
Looking for terrible but expensive restaurants in Dhaka. For recommending to an old enemy.,AlternativeMetal2017,3,2,2025-11-17 22:41:35,dhaka,0.0,0.0,neutral,neutral,"Housing/Real Estate, Food/Dining"
do you guys know any wired earphones with good mic quality in dhaka,ghumkhor,5,12,2025-11-17 22:15:01,dhaka,0.4333333333333333,0.4666666666666667,positive,joy,"Housing/Real Estate, Technology/Gadgets"
Can someone provide Deshbd dc server invite,yahoo_olivia,1,2,2025-11-17 18:32:28,dhaka,0.0,0.0,neutral,neutral,General
Failed HSC Twice Can I Still Get Into a Private University in Bangladesh,ResponsibleFudge8955,2,9,2025-11-17 16:46:56,dhaka,-0.0958333333333333,0.3118055555555556,neutral,neutral,"Technology/Gadgets, Education/Career, Relationships/Social, Infrastructure/Urban"
Ousted Bangladesh PM Sheikh Hasina sentenced to death for crimes against humanity,Power-Equality,78,41,2025-11-17 14:56:28,dhaka,0.0,0.0,neutral,neutral,"Technology/Gadgets, Food/Dining"
Miss Universe Bangladesh 2025 Hype,FinalGeneration,39,73,2025-11-17 11:51:29,dhaka,0.0,0.0,neutral,neutral,General
Visiting Bangladesh after 10 years best food,Noobiepoobie853,3,12,2025-11-17 10:41:56,dhaka,0.15,0.6199999999999999,positive,neutral,"Food/Dining, Travel/Transportation"
Where can I find this type of half-zip cable knit sweater in Bangladesh?,beingElias,34,27,2025-11-17 10:31:56,dhaka,0.2483333333333333,0.35,positive,joy,"Housing/Real Estate, Food/Dining, Shopping/Commerce"
Pakistani Planning to do mbbs from Bangladesh,timespaceweb,27,39,2025-11-17 06:19:51,dhaka,0.1857142857142857,0.3,positive,trust,"Technology/Gadgets, Education/Career, Health/Medical"
Bangladesh vs India Football Match,OdysseusWit,3,2,2025-11-17 05:55:37,dhaka,-0.0249999999999999,0.375,neutral,neutral,"Shopping/Commerce, Sports/Recreation"
"Bengali in rome,italy",Beginning-Bar-1138,2,0,2025-11-17 00:38:59,dhaka,0.25,0.3,positive,joy,"Education/Career, Relationships/Social"
When do medical colleges open for the next batch in bangladesh 2026,No-Yogurtcloset9949,2,6,2025-11-16 23:45:36,dhaka,0.0,0.0,neutral,neutral,"Education/Career, Health/Medical"
how to be an independent woman in bangladesh,closetedluvergurl,41,28,2025-11-16 22:14:54,dhaka,-0.0961904761904761,0.3204761904761904,neutral,neutral,"Housing/Real Estate, Education/Career, Infrastructure/Urban"
Tax law firm in Dhaka,Agile-Lifeguard-2063,3,5,2025-11-16 18:32:44,dhaka,0.15,0.3500000000000001,positive,joy,"Housing/Real Estate, Technology/Gadgets, Food/Dining, Politics/Government"
BD🇧🇩 vs India🇮🇳 Match Ticket for Sale!,Opposite_Extension13,1,1,2025-11-16 13:01:03,dhaka,0.2125,0.4,positive,neutral,"Technology/Gadgets, Shopping/Commerce, Sports/Recreation"
Seeking Investment to Scale My Small E-commerce Brand (Bangladesh) — Need Guidance &amp; Partners,ledlips6214,2,1,2025-11-16 02:53:14,dhaka,0.0570169413919413,0.4671703296703298,neutral,neutral,"Housing/Real Estate, Technology/Gadgets, Education/Career, Food/Dining, Shopping/Commerce, Travel/Transportation, Relationships/Social"
Any Bangladeshi living in oman here? Needed help,zebrina1,17,8,2025-11-16 02:10:43,dhaka,0.1438888888888889,0.65,positive,neutral,"Housing/Real Estate, Technology/Gadgets"
Where to invest 15k bdt as a student,dest_v18,2,6,2025-11-16 01:55:49,dhaka,0.0,0.1083333333333333,neutral,neutral,Education/Career
Quiet places near Dhaka,NefariousnessOk7185,2,15,2025-11-16 00:48:15,dhaka,0.1666666666666666,0.4111111111111111,positive,neutral,"Housing/Real Estate, Food/Dining"
Trying to collect foreign currency notes — where can I actually get my first ones in Dhaka?,Inevitable-Koala6828,2,3,2025-11-15 22:58:02,dhaka,0.0921349789915966,0.3960434173669467,neutral,trust,"Housing/Real Estate, Technology/Gadgets, Education/Career, Shopping/Commerce, Travel/Transportation, Sports/Recreation"
App that shows live Bangladesh Railway train positions - Find My Train: Bangladesh,jgainbd,87,21,2025-11-15 20:13:56,dhaka,0.1326704545454545,0.3963789682539683,positive,neutral,"Housing/Real Estate, Technology/Gadgets, Education/Career, Shopping/Commerce, Travel/Transportation, Sports/Recreation"
"A Salafi Bangladeshi scholar is actively calling for jihad, destabilising three countries—Bangladesh, India, and Myanmar. As you can see in the video, the leadership of Jamaat-e-Islami and the BNP are enjoying this speech.",New_Edge360,8,2,2025-11-15 19:16:02,dhaka,0.0,0.0,neutral,neutral,"Sports/Recreation, Politics/Government"
Weekend activities in city like Dhaka?,PatientHistorian7459,7,37,2025-11-15 18:39:33,dhaka,0.175,0.275,positive,neutral,"Housing/Real Estate, Education/Career, Travel/Transportation, Infrastructure/Urban"
I have 2 lakhs to invest | need suggestions to generate 30k–50k/month within 2–3 months (Bangladesh),Aggravating-Jury9096,0,29,2025-11-15 15:57:33,dhaka,0.1367259552042161,0.3422266139657444,positive,joy,"Housing/Real Estate, Technology/Gadgets, Education/Career, Shopping/Commerce, Travel/Transportation, Infrastructure/Urban"
why bangladesh still dont have one nfc card for all transport,RudeUse100,3,3,2025-11-19 21:10:39,dhaka,0.0632102272727272,0.5473214285714286,neutral,anger,"Housing/Real Estate, Technology/Gadgets, Education/Career, Travel/Transportation, Infrastructure/Urban"
"Looking for SSD Suggestions Under 5,000 Taka (Bangladesh) - M.2 2280 PCle 3/4 x4 NVMe, 512GB",Traditional-Pop2769,1,0,2025-11-19 13:36:53,dhaka,0.2723809523809523,0.4423809523809525,positive,joy,"Technology/Gadgets, Education/Career, Shopping/Commerce, Sports/Recreation"
Some weird behaviour I have noticed as a bideshi whenever I am visiting Bangladesh.,Fast_Confection2192,80,25,2025-11-15 05:16:16,dhaka,0.0499999999999999,0.95,neutral,anger,"Technology/Gadgets, Education/Career, Travel/Transportation"
Rental problems in dhaka,Routine_Product_19,3,0,2025-11-15 00:50:24,dhaka,0.0,0.0,neutral,neutral,Housing/Real Estate
Best neckband in 2k BDT,akira_hoque-1123,3,1,2025-11-14 23:32:33,dhaka,0.7,0.6000000000000001,positive,joy,General
Is it possible to be a visionary politician in Bangladesh?,kindred_eldtrich,0,15,2025-11-14 22:32:40,dhaka,0.1021998834498834,0.5266025641025641,positive,anger,"Housing/Real Estate, Technology/Gadgets, Education/Career, Infrastructure/Urban"
Best IEM in 1.5k BDT,Nunu_Chus,4,25,2025-11-14 20:03:28,dhaka,0.0,0.0,neutral,neutral,General
Cost of psychiatrist/ counselor in Dhaka,Green_Elephant7510,3,13,2025-11-14 20:00:21,dhaka,0.2,0.2,positive,neutral,Housing/Real Estate
My view on Dhaka,Top_Ad1064,50,59,2025-11-14 16:34:39,dhaka,-0.1965873015873015,0.7076719576719577,negative,anger,"Housing/Real Estate, Infrastructure/Urban"
How do you usually get a bank internship in Bangladesh?,Interesting_Help_18,2,0,2025-11-14 00:15:39,dhaka,0.0471590909090909,0.4051136363636363,neutral,neutral,"Technology/Gadgets, Education/Career"
